time,temperature_2m_mean,rain_sum
2010-01-01,5.9,0.3
2010-01-02,2.7,1.9
2010-01-03,3.5,10.4
2010-01-04,4.5,0.0
2010-01-05,1.0,0.0
2010-01-06,1.0,1.1
2010-01-07,0.2,0.2
2010-01-08,-1.1,0.0
2010-01-09,-2.5,0.0
2010-01-10,-1.1,0.0
2010-01-11,-0.9,0.0
2010-01-12,1.0,10.5
2010-01-13,7.1,6.0
2010-01-14,6.5,16.7
2010-01-15,5.2,0.0
2010-01-16,7.7,7.6
2010-01-17,7.6,0.0
2010-01-18,4.5,0.0
2010-01-19,5.9,3.5
2010-01-20,8.4,6.4
2010-01-21,5.4,0.0
2010-01-22,5.5,0.0
2010-01-23,5.5,0.4
2010-01-24,6.4,0.7
2010-01-25,4.4,0.0
2010-01-26,2.0,0.0
2010-01-27,0.1,0.0
2010-01-28,2.8,0.9
2010-01-29,5.6,4.8
2010-01-30,3.7,2.0
2010-01-31,-0.1,0.0
2010-02-01,0.9,0.0
2010-02-02,3.8,0.0
2010-02-03,4.1,0.0
2010-02-04,5.7,3.7
2010-02-05,8.5,13.4
2010-02-06,9.4,9.5
2010-02-07,6.1,0.0
2010-02-08,4.7,0.0
2010-02-09,2.4,0.5
2010-02-10,0.3,0.0
2010-02-11,-1.1,0.0
2010-02-12,-0.7,0.0
2010-02-13,-1.1,0.0
2010-02-14,-0.8,0.0
2010-02-15,-0.4,0.0
2010-02-16,2.2,0.9
2010-02-17,6.3,4.6
2010-02-18,7.2,0.2
2010-02-19,5.1,0.2
2010-02-20,5.5,3.0
2010-02-21,5.6,0.6
2010-02-22,9.2,1.9
2010-02-23,11.7,0.3
2010-02-24,10.7,4.8
2010-02-25,11.8,10.1
2010-02-26,8.9,5.1
2010-02-27,9.3,4.2
2010-02-28,10.2,2.5
2010-03-01,7.9,6.1
2010-03-02,9.5,0.0
2010-03-03,9.2,0.1
2010-03-04,8.6,0.1
2010-03-05,5.8,0.0
2010-03-06,4.6,0.0
2010-03-07,2.6,0.0
2010-03-08,1.4,0.8
2010-03-09,1.4,0.0
2010-03-10,0.3,0.0
2010-03-11,1.0,0.0
2010-03-12,2.8,0.0
2010-03-13,4.2,0.0
2010-03-14,4.7,0.0
2010-03-15,6.6,0.0
2010-03-16,7.7,0.0
2010-03-17,11.0,0.0
2010-03-18,12.2,0.3
2010-03-19,13.7,3.4
2010-03-20,15.1,3.0
2010-03-21,11.7,2.3
2010-03-22,10.6,0.0
2010-03-23,12.3,0.0
2010-03-24,14.9,8.0
2010-03-25,13.2,5.6
2010-03-26,11.9,0.3
2010-03-27,11.0,5.5
2010-03-28,12.5,0.2
2010-03-29,13.5,3.4
2010-03-30,9.4,8.7
2010-03-31,8.1,14.9
2010-04-01,7.8,1.8
2010-04-02,9.1,2.5
2010-04-03,9.4,8.9
2010-04-04,9.1,2.6
2010-04-05,9.4,0.0
2010-04-06,12.9,0.0
2010-04-07,10.8,2.5
2010-04-08,10.3,0.0
2010-04-09,12.0,0.0
2010-04-10,14.0,0.0
2010-04-11,12.8,0.0
2010-04-12,10.3,0.0
2010-04-13,9.5,0.1
2010-04-14,10.2,0.0
2010-04-15,12.1,0.0
2010-04-16,12.8,0.0
2010-04-17,14.2,0.0
2010-04-18,14.6,0.0
2010-04-19,13.7,3.6
2010-04-20,14.0,0.0
2010-04-21,16.5,0.0
2010-04-22,15.8,1.5
2010-04-23,14.2,1.8
2010-04-24,15.8,0.0
2010-04-25,15.5,0.0
2010-04-26,14.9,0.0
2010-04-27,16.3,0.0
2010-04-28,19.1,0.0
2010-04-29,17.9,1.0
2010-04-30,15.4,0.8
2010-05-01,13.6,0.4
2010-05-02,13.0,0.5
2010-05-03,11.2,0.3
2010-05-04,8.8,10.2
2010-05-05,8.4,6.5
2010-05-06,10.4,0.0
2010-05-07,11.9,0.3
2010-05-08,13.2,3.3
2010-05-09,14.0,8.3
2010-05-10,15.2,0.0
2010-05-11,12.9,0.8
2010-05-12,11.1,0.0
2010-05-13,10.2,0.1
2010-05-14,10.7,0.0
2010-05-15,11.6,0.2
2010-05-16,11.9,0.1
2010-05-17,12.8,0.4
2010-05-18,13.7,0.0
2010-05-19,15.6,0.0
2010-05-20,16.0,0.0
2010-05-21,18.6,0.0
2010-05-22,20.7,0.0
2010-05-23,21.9,0.0
2010-05-24,22.9,0.0
2010-05-25,21.4,1.9
2010-05-26,17.8,1.1
2010-05-27,17.0,0.3
2010-05-28,16.0,0.1
2010-05-29,15.5,2.7
2010-05-30,17.1,1.4
2010-05-31,17.9,0.2
2010-06-01,17.3,0.0
2010-06-02,18.1,0.1
2010-06-03,19.9,0.0
2010-06-04,21.7,0.0
2010-06-05,23.0,0.0
2010-06-06,17.6,6.3
2010-06-07,18.9,0.0
2010-06-08,17.2,7.5
2010-06-09,18.8,6.2
2010-06-10,19.7,5.3
2010-06-11,18.4,2.4
2010-06-12,18.8,0.4
2010-06-13,18.5,3.4
2010-06-14,15.2,4.5
2010-06-15,15.6,9.1
2010-06-16,14.1,31.0
2010-06-17,17.1,0.1
2010-06-18,17.0,0.7
2010-06-19,16.1,4.3
2010-06-20,14.1,0.0
2010-06-21,14.6,0.0
2010-06-22,16.9,0.0
2010-06-23,19.0,0.0
2010-06-24,21.2,0.0
2010-06-25,22.9,0.0
2010-06-26,24.1,0.0
2010-06-27,24.2,0.0
2010-06-28,23.0,2.3
2010-06-29,23.0,0.0
2010-06-30,24.5,0.0
2010-07-01,26.8,0.0
2010-07-02,24.9,0.7
2010-07-03,23.0,4.2
2010-07-04,22.6,0.0
2010-07-05,21.0,0.0
2010-07-06,22.0,0.0
2010-07-07,23.4,0.0
2010-07-08,28.1,0.0
2010-07-09,25.8,0.0
2010-07-10,25.0,0.0
2010-07-11,24.7,0.2
2010-07-12,23.1,0.0
2010-07-13,22.6,0.0
2010-07-14,20.8,5.4
2010-07-15,21.5,0.0
2010-07-16,21.0,0.0
2010-07-17,20.4,0.0
2010-07-18,21.8,0.0
2010-07-19,24.0,0.0
2010-07-20,23.7,0.3
2010-07-21,20.1,10.9
2010-07-22,19.8,0.0
2010-07-23,19.0,0.3
2010-07-24,19.3,0.0
2010-07-25,18.8,0.2
2010-07-26,21.0,0.0
2010-07-27,22.8,0.0
2010-07-28,23.8,0.0
2010-07-29,21.3,0.3
2010-07-30,21.7,0.0
2010-07-31,23.4,0.0
2010-08-01,20.0,27.9
2010-08-02,19.8,0.0
2010-08-03,20.0,0.2
2010-08-04,19.4,1.3
2010-08-05,19.0,0.0
2010-08-06,19.2,0.0
2010-08-07,21.9,0.0
2010-08-08,21.5,0.0
2010-08-09,20.7,0.0
2010-08-10,20.5,0.1
2010-08-11,20.0,0.9
2010-08-12,19.5,0.0
2010-08-13,19.2,0.0
2010-08-14,18.4,0.1
2010-08-15,17.1,2.4
2010-08-16,18.8,0.0
2010-08-17,19.9,0.0
2010-08-18,19.3,0.0
2010-08-19,22.5,0.0
2010-08-20,25.0,0.3
2010-08-21,27.0,0.0
2010-08-22,26.5,1.6
2010-08-23,23.3,0.4
2010-08-24,20.8,0.8
2010-08-25,23.1,0.0
2010-08-26,26.1,0.6
2010-08-27,21.9,1.3
2010-08-28,19.4,0.0
2010-08-29,18.6,0.0
2010-08-30,17.7,0.0
2010-08-31,19.0,0.0
2010-09-01,21.9,0.0
2010-09-02,22.7,0.0
2010-09-03,21.1,0.0
2010-09-04,20.2,0.0
2010-09-05,23.9,0.0
2010-09-06,22.3,2.4
2010-09-07,17.5,13.2
2010-09-08,16.9,5.4
2010-09-09,17.7,0.4
2010-09-10,18.3,0.0
2010-09-11,20.7,0.0
2010-09-12,19.7,0.0
2010-09-13,18.0,0.0
2010-09-14,19.0,0.0
2010-09-15,19.7,0.0
2010-09-16,16.6,0.6
2010-09-17,16.7,0.0
2010-09-18,16.5,0.0
2010-09-19,15.2,0.0
2010-09-20,17.6,0.0
2010-09-21,21.5,0.0
2010-09-22,21.7,0.0
2010-09-23,20.7,0.7
2010-09-24,17.0,5.4
2010-09-25,15.2,0.0
2010-09-26,13.0,0.0
2010-09-27,13.6,0.0
2010-09-28,14.4,0.0
2010-09-29,15.7,0.0
2010-09-30,15.3,5.3
2010-10-01,16.4,0.0
2010-10-02,20.0,0.9
2010-10-03,21.4,0.7
2010-10-04,16.2,11.5
2010-10-05,18.2,0.0
2010-10-06,18.6,0.0
2010-10-07,20.2,0.1
2010-10-08,21.3,0.0
2010-10-09,21.4,2.5
2010-10-10,16.8,34.8
2010-10-11,17.5,4.5
2010-10-12,17.5,0.0
2010-10-13,14.6,0.0
2010-10-14,11.7,0.0
2010-10-15,10.4,0.0
2010-10-16,11.6,0.2
2010-10-17,9.4,0.0
2010-10-18,8.6,0.0
2010-10-19,11.9,0.0
2010-10-20,11.5,0.0
2010-10-21,9.0,0.0
2010-10-22,9.7,0.0
2010-10-23,12.0,10.2
2010-10-24,10.2,20.7
2010-10-25,7.9,0.0
2010-10-26,7.2,0.0
2010-10-27,8.6,0.0
2010-10-28,11.4,0.0
2010-10-29,14.4,5.7
2010-10-30,13.4,12.5
2010-10-31,11.7,4.8
2010-11-01,12.2,0.0
2010-11-02,12.7,0.0
2010-11-03,15.2,0.4
2010-11-04,16.3,0.0
2010-11-05,16.1,0.0
2010-11-06,13.9,0.3
2010-11-07,10.4,9.2
2010-11-08,9.3,22.7
2010-11-09,10.1,13.7
2010-11-10,9.2,1.3
2010-11-11,10.6,6.5
2010-11-12,14.9,7.5
2010-11-13,13.9,0.0
2010-11-14,11.9,6.7
2010-11-15,9.8,3.9
2010-11-16,7.9,0.0
2010-11-17,6.9,9.1
2010-11-18,8.9,4.4
2010-11-19,9.8,0.0
2010-11-20,9.2,15.8
2010-11-21,8.6,4.7
2010-11-22,7.2,0.0
2010-11-23,6.0,0.0
2010-11-24,4.6,0.0
2010-11-25,5.3,3.0
2010-11-26,3.2,3.5
2010-11-27,5.5,1.6
2010-11-28,4.3,0.5
2010-11-29,3.2,0.0
2010-11-30,2.3,2.9
2010-12-01,0.4,0.8
2010-12-02,1.4,0.8
2010-12-03,1.0,0.0
2010-12-04,3.0,0.0
2010-12-05,6.1,4.6
2010-12-06,12.1,13.9
2010-12-07,12.5,5.5
2010-12-08,12.0,2.6
2010-12-09,3.4,0.0
2010-12-10,1.0,0.0
2010-12-11,0.9,0.0
2010-12-12,1.8,0.0
2010-12-13,1.4,0.0
2010-12-14,-0.4,0.0
2010-12-15,-1.9,0.0
2010-12-16,1.7,1.2
2010-12-17,3.4,6.6
2010-12-18,2.9,0.9
2010-12-19,5.3,1.3
2010-12-20,8.7,0.0
2010-12-21,6.6,9.2
2010-12-22,7.9,3.8
2010-12-23,4.0,12.7
2010-12-24,2.0,0.2
2010-12-25,0.5,0.0
2010-12-26,-1.9,0.0
2010-12-27,0.6,0.0
2010-12-28,4.4,0.0
2010-12-29,6.5,0.3
2010-12-30,8.5,0.2
2010-12-31,8.3,0.1
2011-01-01,5.9,0.0
2011-01-02,3.7,0.0
2011-01-03,0.7,0.0
2011-01-04,0.8,1.5
2011-01-05,7.0,1.6
2011-01-06,11.1,21.7
2011-01-07,13.8,1.7
2011-01-08,13.3,1.1
2011-01-09,8.8,0.0
2011-01-10,4.2,0.7
2011-01-11,10.1,4.0
2011-01-12,10.5,0.0
2011-01-13,11.4,0.0
2011-01-14,8.6,0.0
2011-01-15,9.3,0.0
2011-01-16,8.0,0.0
2011-01-17,8.4,0.0
2011-01-18,7.4,3.0
2011-01-19,5.7,0.0
2011-01-20,2.4,0.0
2011-01-21,0.9,0.0
2011-01-22,0.5,0.0
2011-01-23,0.4,0.0
2011-01-24,1.9,0.0
2011-01-25,2.9,0.0
2011-01-26,3.1,0.0
2011-01-27,4.2,0.0
2011-01-28,5.4,1.2
2011-01-29,5.3,1.2
2011-01-30,1.2,0.0
2011-01-31,0.2,0.0
2011-02-01,-0.2,0.0
2011-02-02,2.0,0.0
2011-02-03,7.5,0.0
2011-02-04,8.7,0.0
2011-02-05,6.6,0.0
2011-02-06,4.6,0.0
2011-02-07,6.0,0.0
2011-02-08,6.0,0.0
2011-02-09,7.9,0.0
2011-02-10,8.2,0.0
2011-02-11,9.1,0.0
2011-02-12,7.1,0.0
2011-02-13,8.2,4.8
2011-02-14,7.5,2.9
2011-02-15,7.9,2.1
2011-02-16,7.9,0.0
2011-02-17,7.7,0.3
2011-02-18,8.5,0.0
2011-02-19,8.9,0.8
2011-02-20,8.1,0.3
2011-02-21,9.2,8.3
2011-02-22,8.8,3.5
2011-02-23,7.8,0.0
2011-02-24,10.0,0.0
2011-02-25,10.2,0.0
2011-02-26,8.9,0.7
2011-02-27,7.6,0.4
2011-02-28,6.3,6.6
2011-03-01,5.4,0.0
2011-03-02,5.4,0.0
2011-03-03,5.3,0.0
2011-03-04,6.4,0.0
2011-03-05,7.7,0.0
2011-03-06,7.2,0.0
2011-03-07,8.4,0.0
2011-03-08,10.6,0.0
2011-03-09,9.7,0.0
2011-03-10,8.0,0.0
2011-03-11,9.1,0.0
2011-03-12,10.1,1.5
2011-03-13,9.8,4.9
2011-03-14,12.3,0.0
2011-03-15,13.5,2.6
2011-03-16,12.8,2.9
2011-03-17,10.1,0.5
2011-03-18,9.9,0.0
2011-03-19,11.1,0.4
2011-03-20,9.5,0.0
2011-03-21,9.8,0.0
2011-03-22,10.7,0.0
2011-03-23,11.8,0.0
2011-03-24,12.3,0.0
2011-03-25,13.5,0.0
2011-03-26,13.9,0.0
2011-03-27,12.7,9.4
2011-03-28,11.4,0.4
2011-03-29,11.6,8.5
2011-03-30,12.2,2.6
2011-03-31,13.8,0.0
2011-04-01,15.9,0.0
2011-04-02,16.6,3.0
2011-04-03,12.6,4.5
2011-04-04,12.6,0.0
2011-04-05,13.1,0.0
2011-04-06,16.4,0.0
2011-04-07,18.1,0.0
2011-04-08,19.1,0.0
2011-04-09,18.4,0.0
2011-04-10,14.6,0.3
2011-04-11,13.9,0.0
2011-04-12,13.3,0.0
2011-04-13,11.9,0.0
2011-04-14,13.3,0.0
2011-04-15,13.5,0.0
2011-04-16,14.2,0.0
2011-04-17,15.8,0.0
2011-04-18,18.5,0.0
2011-04-19,17.9,0.0
2011-04-20,17.5,0.3
2011-04-21,18.5,0.2
2011-04-22,17.5,1.6
2011-04-23,15.9,1.2
2011-04-24,16.9,0.0
2011-04-25,17.2,5.2
2011-04-26,18.5,0.0
2011-04-27,17.3,0.2
2011-04-28,16.1,0.3
2011-04-29,15.6,0.0
2011-04-30,18.1,0.0
2011-05-01,17.5,4.7
2011-05-02,18.4,0.6
2011-05-03,16.6,0.0
2011-05-04,16.5,0.0
2011-05-05,18.6,0.0
2011-05-06,20.9,0.0
2011-05-07,18.9,5.3
2011-05-08,19.5,0.0
2011-05-09,20.8,0.0
2011-05-10,21.5,1.6
2011-05-11,21.9,0.5
2011-05-12,19.8,0.7
2011-05-13,20.6,0.9
2011-05-14,17.1,1.0
2011-05-15,15.3,0.0
2011-05-16,16.9,0.0
2011-05-17,19.9,0.0
2011-05-18,22.4,0.0
2011-05-19,21.3,3.3
2011-05-20,20.3,1.9
2011-05-21,20.9,0.0
2011-05-22,18.0,0.2
2011-05-23,20.3,0.0
2011-05-24,19.2,0.0
2011-05-25,22.4,0.0
2011-05-26,17.7,0.0
2011-05-27,15.9,0.2
2011-05-28,17.2,0.0
2011-05-29,21.1,0.0
2011-05-30,20.2,4.8
2011-05-31,16.1,0.0
2011-06-01,16.1,0.0
2011-06-02,18.1,0.0
2011-06-03,20.9,0.0
2011-06-04,20.8,1.8
2011-06-05,19.8,3.2
2011-06-06,19.2,8.4
2011-06-07,16.0,6.5
2011-06-08,15.4,0.1
2011-06-09,16.1,0.2
2011-06-10,15.7,0.8
2011-06-11,15.9,0.1
2011-06-12,17.8,0.4
2011-06-13,19.5,3.0
2011-06-14,20.6,0.0
2011-06-15,21.8,0.0
2011-06-16,18.1,0.6
2011-06-17,17.9,1.1
2011-06-18,16.9,0.4
2011-06-19,17.7,0.1
2011-06-20,20.4,0.0
2011-06-21,21.7,0.0
2011-06-22,18.2,6.9
2011-06-23,17.1,0.8
2011-06-24,17.3,0.0
2011-06-25,21.9,0.0
2011-06-26,28.9,0.0
2011-06-27,30.6,1.1
2011-06-28,21.8,0.0
2011-06-29,19.0,0.0
2011-06-30,19.6,0.0
2011-07-01,20.9,0.0
2011-07-02,23.1,0.0
2011-07-03,24.5,0.0
2011-07-04,24.0,0.0
2011-07-05,22.2,0.3
2011-07-06,19.7,0.0
2011-07-07,17.7,0.0
2011-07-08,20.7,0.0
2011-07-09,20.5,3.2
2011-07-10,20.6,5.6
2011-07-11,24.2,0.0
2011-07-12,21.3,4.0
2011-07-13,19.3,2.2
2011-07-14,19.3,0.0
2011-07-15,19.5,0.0
2011-07-16,19.0,0.8
2011-07-17,17.3,3.5
2011-07-18,16.7,1.8
2011-07-19,15.9,9.4
2011-07-20,16.6,2.8
2011-07-21,17.4,1.8
2011-07-22,17.4,0.0
2011-07-23,16.5,0.7
2011-07-24,16.6,0.2
2011-07-25,18.0,2.2
2011-07-26,18.4,3.4
2011-07-27,19.7,0.4
2011-07-28,20.5,0.0
2011-07-29,21.3,0.0
2011-07-30,21.9,0.0
2011-07-31,22.3,0.0
2011-08-01,24.1,0.0
2011-08-02,23.0,19.9
2011-08-03,21.2,0.1
2011-08-04,21.3,0.0
2011-08-05,21.2,10.0
2011-08-06,21.3,4.7
2011-08-07,19.7,0.0
2011-08-08,18.7,0.1
2011-08-09,18.0,0.0
2011-08-10,19.8,0.0
2011-08-11,21.4,0.0
2011-08-12,20.7,0.0
2011-08-13,22.4,0.0
2011-08-14,21.3,0.8
2011-08-15,21.8,0.9
2011-08-16,23.4,0.0
2011-08-17,24.8,0.5
2011-08-18,23.1,0.9
2011-08-19,24.6,0.0
2011-08-20,29.6,1.6
2011-08-21,30.2,0.1
2011-08-22,26.9,4.5
2011-08-23,23.2,0.1
2011-08-24,19.9,15.8
2011-08-25,22.0,3.8
2011-08-26,18.0,8.5
2011-08-27,17.4,0.5
2011-08-28,17.6,0.0
2011-08-29,19.2,0.0
2011-08-30,20.8,0.0
2011-08-31,22.2,1.2
2011-09-01,22.9,6.4
2011-09-02,24.3,0.5
2011-09-03,20.5,13.4
2011-09-04,18.6,4.0
2011-09-05,17.8,0.0
2011-09-06,18.0,0.0
2011-09-07,18.8,0.6
2011-09-08,20.7,0.0
2011-09-09,23.3,0.0
2011-09-10,23.8,0.8
2011-09-11,19.3,4.4
2011-09-12,20.4,0.0
2011-09-13,20.2,0.0
2011-09-14,18.8,0.0
2011-09-15,21.7,0.0
2011-09-16,21.9,0.0
2011-09-17,18.2,0.7
2011-09-18,15.8,2.8
2011-09-19,16.1,0.6
2011-09-20,17.7,0.0
2011-09-21,18.5,0.0
2011-09-22,18.3,0.0
2011-09-23,19.1,0.0
2011-09-24,18.8,3.0
2011-09-25,20.0,0.0
2011-09-26,22.0,0.0
2011-09-27,22.5,0.0
2011-09-28,23.2,0.0
2011-09-29,22.3,0.0
2011-09-30,23.0,0.0
2011-10-01,22.3,0.0
2011-10-02,22.1,0.0
2011-10-03,21.8,0.0
2011-10-04,19.4,0.0
2011-10-05,18.2,0.0
2011-10-06,17.0,2.5
2011-10-07,15.2,0.0
2011-10-08,14.2,0.0
2011-10-09,16.4,0.0
2011-10-10,18.3,0.0
2011-10-11,17.5,0.0
2011-10-12,16.0,0.0
2011-10-13,17.1,0.0
2011-10-14,16.2,0.0
2011-10-15,16.3,0.0
2011-10-16,16.3,0.0
2011-10-17,16.6,0.0
2011-10-18,16.6,0.0
2011-10-19,13.2,8.8
2011-10-20,10.5,0.0
2011-10-21,10.0,0.0
2011-10-22,12.6,0.0
2011-10-23,15.8,0.0
2011-10-24,14.8,10.2
2011-10-25,11.3,1.7
2011-10-26,13.1,0.0
2011-10-27,14.0,6.5
2011-10-28,14.7,0.3
2011-10-29,15.7,0.0
2011-10-30,14.9,0.2
2011-10-31,16.4,0.0
2011-11-01,15.0,6.2
2011-11-02,17.6,0.0
2011-11-03,16.6,6.2
2011-11-04,14.5,2.0
2011-11-05,12.3,14.7
2011-11-06,13.0,11.3
2011-11-07,13.2,0.0
2011-11-08,13.1,0.0
2011-11-09,14.0,0.0
2011-11-10,14.5,5.8
2011-11-11,15.5,0.0
2011-11-12,15.9,0.0
2011-11-13,15.9,0.0
2011-11-14,14.9,0.0
2011-11-15,13.8,1.3
2011-11-16,13.2,0.7
2011-11-17,11.5,0.0
2011-11-18,11.8,0.0
2011-11-19,12.5,0.0
2011-11-20,13.6,0.0
2011-11-21,13.4,0.0
2011-11-22,13.2,0.0
2011-11-23,11.8,0.0
2011-11-24,10.6,0.0
2011-11-25,7.3,0.0
2011-11-26,9.1,0.0
2011-11-27,9.8,0.2
2011-11-28,9.7,0.1
2011-11-29,9.4,0.0
2011-11-30,11.9,0.1
2011-12-01,11.6,0.0
2011-12-02,10.6,10.7
2011-12-03,9.9,2.7
2011-12-04,12.6,4.1
2011-12-05,10.7,3.1
2011-12-06,9.8,2.9
2011-12-07,12.1,0.5
2011-12-08,11.6,0.0
2011-12-09,12.2,0.5
2011-12-10,10.8,0.1
2011-12-11,9.4,5.4
2011-12-12,10.0,7.4
2011-12-13,11.4,4.9
2011-12-14,10.3,9.7
2011-12-15,10.1,13.3
2011-12-16,11.2,21.3
2011-12-17,7.7,2.8
2011-12-18,4.8,0.0
2011-12-19,7.0,2.5
2011-12-20,10.8,3.7
2011-12-21,11.4,1.0
2011-12-22,11.3,0.0
2011-12-23,9.5,0.4
2011-12-24,7.0,0.0
2011-12-25,3.1,0.0
2011-12-26,3.8,0.0
2011-12-27,3.6,0.0
2011-12-28,6.4,0.7
2011-12-29,6.6,0.5
2011-12-30,9.6,2.8
2011-12-31,12.3,1.2
2012-01-01,12.5,0.8
2012-01-02,9.8,13.9
2012-01-03,10.7,0.0
2012-01-04,10.5,6.6
2012-01-05,11.7,0.5
2012-01-06,9.1,0.0
2012-01-07,8.5,0.0
2012-01-08,8.8,0.0
2012-01-09,7.0,0.0
2012-01-10,6.2,0.0
2012-01-11,3.7,0.0
2012-01-12,2.7,0.0
2012-01-13,4.1,0.0
2012-01-14,3.2,0.0
2012-01-15,1.1,0.0
2012-01-16,1.3,0.0
2012-01-17,3.4,0.0
2012-01-18,6.5,0.0
2012-01-19,10.3,0.0
2012-01-20,10.4,1.3
2012-01-21,10.9,0.0
2012-01-22,11.0,0.3
2012-01-23,9.5,0.0
2012-01-24,8.5,0.0
2012-01-25,9.8,0.0
2012-01-26,7.1,0.9
2012-01-27,5.9,1.1
2012-01-28,4.3,4.3
2012-01-29,3.8,0.0
2012-01-30,2.9,1.7
2012-01-31,4.1,8.6
2012-02-01,0.9,0.0
2012-02-02,-1.6,0.0
2012-02-03,-2.8,0.0
2012-02-04,-1.8,0.0
2012-02-05,-1.5,0.3
2012-02-06,-1.7,0.0
2012-02-07,-2.1,0.0
2012-02-08,-4.6,0.0
2012-02-09,-3.8,0.0
2012-02-10,-2.5,0.0
2012-02-11,-3.6,0.0
2012-02-12,-3.2,0.0
2012-02-13,0.2,0.0
2012-02-14,2.9,1.5
2012-02-15,3.9,0.0
2012-02-16,5.0,0.1
2012-02-17,5.1,0.0
2012-02-18,5.3,0.0
2012-02-19,6.3,2.0
2012-02-20,2.9,0.0
2012-02-21,1.1,0.0
2012-02-22,2.0,0.0
2012-02-23,4.7,0.0
2012-02-24,8.3,0.0
2012-02-25,9.6,0.0
2012-02-26,9.2,0.0
2012-02-27,6.5,0.0
2012-02-28,7.0,0.0
2012-02-29,9.0,0.0
2012-03-01,10.5,0.0
2012-03-02,10.3,0.0
2012-03-03,11.3,0.0
2012-03-04,9.3,2.8
2012-03-05,6.3,0.1
2012-03-06,6.1,0.0
2012-03-07,6.2,0.0
2012-03-08,8.2,0.0
2012-03-09,7.0,0.0
2012-03-10,8.1,0.0
2012-03-11,9.5,0.0
2012-03-12,11.2,0.0
2012-03-13,12.8,0.0
2012-03-14,13.2,0.0
2012-03-15,14.3,0.0
2012-03-16,13.2,0.0
2012-03-17,11.8,2.2
2012-03-18,8.1,4.9
2012-03-19,7.8,0.0
2012-03-20,7.8,0.0
2012-03-21,8.8,5.2
2012-03-22,10.0,5.7
2012-03-23,11.8,0.0
2012-03-24,14.7,0.0
2012-03-25,15.0,0.0
2012-03-26,15.6,0.0
2012-03-27,15.8,0.0
2012-03-28,15.3,0.0
2012-03-29,16.1,0.0
2012-03-30,15.9,0.0
2012-03-31,16.0,0.0
2012-04-01,13.9,0.0
2012-04-02,13.2,0.0
2012-04-03,11.0,0.0
2012-04-04,10.2,0.2
2012-04-05,10.8,1.5
2012-04-06,12.4,10.6
2012-04-07,11.5,5.1
2012-04-08,12.2,0.2
2012-04-09,10.9,0.0
2012-04-10,9.8,6.9
2012-04-11,10.1,5.7
2012-04-12,10.8,1.7
2012-04-13,9.2,1.2
2012-04-14,8.7,3.4
2012-04-15,9.6,0.0
2012-04-16,8.2,0.0
2012-04-17,7.9,2.4
2012-04-18,9.2,16.7
2012-04-19,9.9,13.7
2012-04-20,10.2,5.8
2012-04-21,10.7,8.9
2012-04-22,9.8,1.5
2012-04-23,9.7,7.9
2012-04-24,10.4,6.2
2012-04-25,11.9,6.2
2012-04-26,12.3,5.0
2012-04-27,11.5,6.8
2012-04-28,11.0,21.8
2012-04-29,11.9,4.9
2012-04-30,9.7,6.7
2012-05-01,12.2,0.3
2012-05-02,15.0,0.0
2012-05-03,16.8,0.1
2012-05-04,14.9,2.9
2012-05-05,12.9,5.2
2012-05-06,12.8,0.3
2012-05-07,14.5,0.8
2012-05-08,17.0,8.9
2012-05-09,20.0,9.6
2012-05-10,23.4,0.0
2012-05-11,21.8,0.2
2012-05-12,16.9,3.9
2012-05-13,15.1,0.0
2012-05-14,14.3,0.0
2012-05-15,12.1,0.2
2012-05-16,12.4,0.0
2012-05-17,16.1,4.1
2012-05-18,14.4,0.4
2012-05-19,14.8,14.5
2012-05-20,12.2,8.6
2012-05-21,13.1,4.9
2012-05-22,14.6,0.3
2012-05-23,16.8,0.0
2012-05-24,20.8,0.0
2012-05-25,23.2,0.0
2012-05-26,18.6,0.0
2012-05-27,17.8,0.0
2012-05-28,19.3,0.0
2012-05-29,21.5,0.0
2012-05-30,20.1,0.0
2012-05-31,19.7,0.0
2012-06-01,22.6,0.0
2012-06-02,23.1,10.0
2012-06-03,17.7,7.4
2012-06-04,17.1,0.0
2012-06-05,18.3,4.9
2012-06-06,18.3,5.7
2012-06-07,19.6,1.0
2012-06-08,17.1,0.0
2012-06-09,15.3,1.0
2012-06-10,16.4,20.7
2012-06-11,15.2,9.6
2012-06-12,15.4,4.1
2012-06-13,14.8,1.8
2012-06-14,18.9,0.0
2012-06-15,20.8,0.0
2012-06-16,19.6,0.0
2012-06-17,20.1,0.1
2012-06-18,18.9,0.3
2012-06-19,18.6,12.0
2012-06-20,22.7,5.1
2012-06-21,18.9,2.2
2012-06-22,17.3,0.0
2012-06-23,17.6,0.0
2012-06-24,18.8,0.0
2012-06-25,20.0,0.0
2012-06-26,21.4,0.0
2012-06-27,26.4,0.0
2012-06-28,23.1,0.0
2012-06-29,20.4,0.0
2012-06-30,19.3,1.4
2012-07-01,17.5,0.7
2012-07-02,17.9,0.0
2012-07-03,21.2,0.0
2012-07-04,19.8,6.1
2012-07-05,17.4,4.8
2012-07-06,17.9,0.3
2012-07-07,19.6,5.0
2012-07-08,18.6,1.2
2012-07-09,19.1,0.0
2012-07-10,17.9,0.0
2012-07-11,17.6,0.0
2012-07-12,18.1,0.4
2012-07-13,18.7,3.8
2012-07-14,17.7,0.1
2012-07-15,17.2,0.8
2012-07-16,18.3,0.0
2012-07-17,20.6,0.0
2012-07-18,23.1,0.0
2012-07-19,19.2,0.7
2012-07-20,18.2,0.3
2012-07-21,19.3,0.0
2012-07-22,21.0,0.0
2012-07-23,21.9,0.0
2012-07-24,23.9,0.0
2012-07-25,26.5,0.0
2012-07-26,27.9,1.9
2012-07-27,24.3,4.6
2012-07-28,20.8,1.2
2012-07-29,19.0,0.0
2012-07-30,20.0,0.0
2012-07-31,22.4,0.0
2012-08-01,22.5,0.2
2012-08-02,20.7,0.0
2012-08-03,20.5,0.0
2012-08-04,19.8,0.1
2012-08-05,18.0,9.4
2012-08-06,18.9,0.0
2012-08-07,20.9,0.0
2012-08-08,24.2,0.0
2012-08-09,26.5,0.0
2012-08-10,27.3,0.0
2012-08-11,23.5,0.0
2012-08-12,21.8,0.0
2012-08-13,22.5,0.0
2012-08-14,25.2,0.0
2012-08-15,22.7,1.5
2012-08-16,23.4,0.0
2012-08-17,28.8,0.0
2012-08-18,29.3,0.0
2012-08-19,28.0,0.0
2012-08-20,26.7,0.0
2012-08-21,26.1,0.0
2012-08-22,24.3,0.0
2012-08-23,24.3,0.4
2012-08-24,22.1,0.4
2012-08-25,20.4,1.1
2012-08-26,19.8,0.0
2012-08-27,23.3,0.0
2012-08-28,23.2,0.0
2012-08-29,20.7,4.6
2012-08-30,18.9,0.0
2012-08-31,17.9,0.0
2012-09-01,16.5,0.0
2012-09-02,17.7,0.0
2012-09-03,19.8,0.0
2012-09-04,21.7,0.0
2012-09-05,23.0,0.0
2012-09-06,23.3,0.0
2012-09-07,24.0,0.0
2012-09-08,25.1,0.0
2012-09-09,23.2,0.0
2012-09-10,22.3,4.5
2012-09-11,21.7,1.9
2012-09-12,17.9,0.0
2012-09-13,17.4,0.5
2012-09-14,16.8,0.0
2012-09-15,18.7,0.0
2012-09-16,19.6,0.0
2012-09-17,20.3,0.0
2012-09-18,17.5,0.4
2012-09-19,16.8,0.0
2012-09-20,17.8,0.0
2012-09-21,21.8,2.8
2012-09-22,21.0,1.5
2012-09-23,25.2,0.1
2012-09-24,18.8,1.4
2012-09-25,15.0,25.3
2012-09-26,15.1,8.1
2012-09-27,15.8,0.4
2012-09-28,16.0,0.0
2012-09-29,16.3,0.1
2012-09-30,15.7,0.0
2012-10-01,14.0,0.0
2012-10-02,14.9,1.0
2012-10-03,16.8,1.2
2012-10-04,17.5,0.0
2012-10-05,18.6,0.0
2012-10-06,19.5,1.5
2012-10-07,18.5,4.5
2012-10-08,19.4,5.8
2012-10-09,19.3,0.4
2012-10-10,17.9,0.6
2012-10-11,16.7,8.5
2012-10-12,14.6,0.0
2012-10-13,13.4,0.4
2012-10-14,12.7,4.7
2012-10-15,11.3,0.0
2012-10-16,13.5,5.1
2012-10-17,16.5,2.6
2012-10-18,17.5,2.0
2012-10-19,16.5,43.1
2012-10-20,14.5,13.9
2012-10-21,15.0,4.7
2012-10-22,16.0,0.0
2012-10-23,15.8,0.0
2012-10-24,16.6,0.0
2012-10-25,15.5,5.4
2012-10-26,15.2,1.8
2012-10-27,9.0,0.3
2012-10-28,6.6,0.0
2012-10-29,6.3,0.0
2012-10-30,7.1,0.0
2012-10-31,8.9,0.0
2012-11-01,10.9,8.7
2012-11-02,12.7,3.3
2012-11-03,13.7,4.8
2012-11-04,11.5,2.8
2012-11-05,10.8,7.2
2012-11-06,8.9,0.3
2012-11-07,6.8,0.0
2012-11-08,10.1,0.0
2012-11-09,12.6,0.3
2012-11-10,12.0,10.7
2012-11-11,8.8,0.3
2012-11-12,6.2,0.0
2012-11-13,6.0,0.0
2012-11-14,9.6,0.0
2012-11-15,11.8,0.0
2012-11-16,12.1,0.0
2012-11-17,13.1,0.0
2012-11-18,12.2,2.1
2012-11-19,11.2,0.0
2012-11-20,9.4,0.0
2012-11-21,11.1,2.1
2012-11-22,7.5,0.0
2012-11-23,10.3,0.0
2012-11-24,12.9,0.0
2012-11-25,12.2,2.8
2012-11-26,11.0,1.2
2012-11-27,7.6,1.1
2012-11-28,5.9,0.5
2012-11-29,5.2,0.0
2012-11-30,2.3,0.0
2012-12-01,3.8,0.0
2012-12-02,6.6,7.5
2012-12-03,11.3,0.6
2012-12-04,8.4,14.3
2012-12-05,7.2,1.6
2012-12-06,2.2,0.0
2012-12-07,6.2,1.7
2012-12-08,5.8,0.0
2012-12-09,3.2,0.0
2012-12-10,4.6,0.0
2012-12-11,2.4,0.0
2012-12-12,-0.2,0.1
2012-12-13,5.3,5.8
2012-12-14,10.6,22.5
2012-12-15,11.1,4.9
2012-12-16,11.2,7.3
2012-12-17,10.0,6.9
2012-12-18,9.7,0.5
2012-12-19,9.8,0.0
2012-12-20,10.3,3.5
2012-12-21,9.0,7.0
2012-12-22,11.0,0.0
2012-12-23,10.5,0.0
2012-12-24,10.9,0.0
2012-12-25,10.2,3.9
2012-12-26,9.8,0.1
2012-12-27,12.2,6.2
2012-12-28,11.0,0.0
2012-12-29,9.4,2.3
2012-12-30,9.6,0.2
2012-12-31,8.6,3.3
2013-01-01,9.1,6.5
2013-01-02,6.2,0.0
2013-01-03,8.0,0.0
2013-01-04,8.4,0.0
2013-01-05,7.0,0.0
2013-01-06,7.1,0.0
2013-01-07,6.3,0.0
2013-01-08,6.0,0.0
2013-01-09,6.5,0.0
2013-01-10,9.1,1.4
2013-01-11,7.7,0.0
2013-01-12,6.7,5.6
2013-01-13,5.8,1.2
2013-01-14,4.6,3.5
2013-01-15,6.5,3.9
2013-01-16,3.3,27.7
2013-01-17,-0.2,0.0
2013-01-18,2.0,8.7
2013-01-19,5.8,17.2
2013-01-20,3.8,2.1
2013-01-21,6.8,4.4
2013-01-22,5.4,1.9
2013-01-23,5.3,0.8
2013-01-24,4.2,4.7
2013-01-25,2.3,0.4
2013-01-26,7.1,7.6
2013-01-27,7.4,10.1
2013-01-28,8.7,1.0
2013-01-29,9.0,0.0
2013-01-30,11.1,0.6
2013-01-31,10.5,0.4
2013-02-01,11.7,4.6
2013-02-02,6.9,0.2
2013-02-03,4.7,0.0
2013-02-04,10.3,0.3
2013-02-05,8.5,5.1
2013-02-06,6.7,5.1
2013-02-07,4.5,0.7
2013-02-08,3.8,1.7
2013-02-09,3.3,4.3
2013-02-10,7.7,4.9
2013-02-11,5.8,5.3
2013-02-12,5.5,0.2
2013-02-13,5.6,0.4
2013-02-14,9.3,3.6
2013-02-15,7.5,0.0
2013-02-16,6.0,0.0
2013-02-17,5.7,0.0
2013-02-18,8.4,0.0
2013-02-19,8.9,0.0
2013-02-20,6.8,0.0
2013-02-21,4.3,0.0
2013-02-22,1.0,0.0
2013-02-23,-0.6,0.0
2013-02-24,0.8,0.1
2013-02-25,1.5,1.1
2013-02-26,1.6,0.0
2013-02-27,2.1,0.0
2013-02-28,3.8,0.0
2013-03-01,5.0,0.0
2013-03-02,3.9,0.0
2013-03-03,5.2,0.0
2013-03-04,9.2,0.0
2013-03-05,12.7,0.2
2013-03-06,11.8,0.2
2013-03-07,13.1,5.1
2013-03-08,12.1,5.7
2013-03-09,11.4,3.0
2013-03-10,10.7,0.0
2013-03-11,9.5,2.9
2013-03-12,6.1,0.4
2013-03-13,2.3,0.0
2013-03-14,3.4,0.8
2013-03-15,4.0,0.0
2013-03-16,6.4,4.1
2013-03-17,7.7,9.0
2013-03-18,6.4,6.3
2013-03-19,7.5,0.7
2013-03-20,8.6,0.7
2013-03-21,10.3,0.0
2013-03-22,12.1,3.0
2013-03-23,10.8,0.0
2013-03-24,11.1,1.3
2013-03-25,9.6,1.7
2013-03-26,9.8,0.0
2013-03-27,9.0,0.0
2013-03-28,8.3,1.6
2013-03-29,11.3,9.4
2013-03-30,11.0,4.0
2013-03-31,8.7,0.0
2013-04-01,9.1,5.2
2013-04-02,10.0,0.2
2013-04-03,9.5,0.1
2013-04-04,7.2,8.7
2013-04-05,6.3,2.5
2013-04-06,5.9,0.0
2013-04-07,7.5,0.0
2013-04-08,9.1,5.9
2013-04-09,11.0,5.3
2013-04-10,12.5,3.6
2013-04-11,11.9,13.9
2013-04-12,11.1,4.7
2013-04-13,14.5,0.0
2013-04-14,18.4,0.0
2013-04-15,16.0,1.7
2013-04-16,15.2,0.0
2013-04-17,17.7,0.0
2013-04-18,13.0,0.0
2013-04-19,11.5,0.2
2013-04-20,10.3,0.0
2013-04-21,10.5,0.0
2013-04-22,10.7,0.6
2013-04-23,11.9,0.0
2013-04-24,15.2,0.0
2013-04-25,17.7,0.0
2013-04-26,13.6,2.1
2013-04-27,9.5,1.9
2013-04-28,8.7,0.0
2013-04-29,10.9,4.8
2013-04-30,12.1,4.6
2013-05-01,11.9,7.6
2013-05-02,11.9,1.0
2013-05-03,13.2,0.2
2013-05-04,14.0,0.0
2013-05-05,15.5,0.0
2013-05-06,16.9,0.0
2013-05-07,16.9,0.2
2013-05-08,16.6,0.3
2013-05-09,12.7,9.1
2013-05-10,11.8,0.0
2013-05-11,11.8,0.1
2013-05-12,12.2,0.5
2013-05-13,12.1,0.0
2013-05-14,13.4,0.2
2013-05-15,11.9,0.1
2013-05-16,10.5,3.4
2013-05-17,12.1,1.6
2013-05-18,11.0,15.3
2013-05-19,12.2,1.1
2013-05-20,11.7,0.4
2013-05-21,12.3,7.3
2013-05-22,14.2,1.6
2013-05-23,12.3,0.1
2013-05-24,10.5,1.6
2013-05-25,11.2,0.6
2013-05-26,12.5,0.0
2013-05-27,14.2,0.1
2013-05-28,12.0,9.4
2013-05-29,11.1,6.4
2013-05-30,12.2,7.8
2013-05-31,14.1,7.2
2013-06-01,15.1,0.2
2013-06-02,15.8,0.2
2013-06-03,15.9,0.0
2013-06-04,16.4,0.0
2013-06-05,19.3,0.0
2013-06-06,20.5,1.5
2013-06-07,20.8,1.0
2013-06-08,15.5,13.2
2013-06-09,15.8,0.6
2013-06-10,16.8,1.9
2013-06-11,17.3,0.7
2013-06-12,21.2,0.0
2013-06-13,16.2,9.4
2013-06-14,17.2,0.0
2013-06-15,17.1,0.0
2013-06-16,20.6,0.0
2013-06-17,20.9,15.1
2013-06-18,15.7,49.0
2013-06-19,16.6,2.7
2013-06-20,14.6,7.6
2013-06-21,14.9,3.6
2013-06-22,16.1,0.2
2013-06-23,15.6,0.0
2013-06-24,15.1,0.0
2013-06-25,15.8,0.0
2013-06-26,17.2,0.0
2013-06-27,17.6,0.0
2013-06-28,17.4,0.4
2013-06-29,17.4,0.1
2013-06-30,20.1,0.0
2013-07-01,21.0,0.0
2013-07-02,20.3,5.5
2013-07-03,18.2,0.6
2013-07-04,19.1,0.0
2013-07-05,22.4,0.0
2013-07-06,23.1,0.0
2013-07-07,24.9,0.0
2013-07-08,25.9,0.0
2013-07-09,26.4,0.0
2013-07-10,26.2,0.0
2013-07-11,25.8,0.0
2013-07-12,25.2,0.0
2013-07-13,25.3,0.0
2013-07-14,25.0,0.0
2013-07-15,25.7,0.0
2013-07-16,25.7,0.0
2013-07-17,25.2,0.2
2013-07-18,24.9,0.2
2013-07-19,24.6,0.3
2013-07-20,25.9,3.0
2013-07-21,27.2,0.6
2013-07-22,27.0,1.8
2013-07-23,24.7,2.8
2013-07-24,24.1,0.0
2013-07-25,26.2,3.1
2013-07-26,26.0,12.1
2013-07-27,23.3,4.5
2013-07-28,22.0,0.0
2013-07-29,20.3,0.7
2013-07-30,22.1,0.0
2013-07-31,25.6,0.0
2013-08-01,28.3,0.0
2013-08-02,24.8,22.8
2013-08-03,21.6,0.2
2013-08-04,22.3,0.0
2013-08-05,22.2,0.0
2013-08-06,20.1,3.6
2013-08-07,18.1,5.4
2013-08-08,19.0,0.0
2013-08-09,19.5,0.1
2013-08-10,20.5,0.0
2013-08-11,22.0,0.0
2013-08-12,23.1,0.0
2013-08-13,21.2,0.0
2013-08-14,21.0,0.0
2013-08-15,22.3,0.0
2013-08-16,22.7,0.0
2013-08-17,21.6,0.0
2013-08-18,21.9,0.0
2013-08-19,21.2,0.0
2013-08-20,21.2,0.0
2013-08-21,23.2,0.0
2013-08-22,24.6,0.0
2013-08-23,22.7,0.0
2013-08-24,20.3,0.1
2013-08-25,18.5,5.0
2013-08-26,19.3,0.2
2013-08-27,19.6,0.2
2013-08-28,19.0,0.0
2013-08-29,20.4,0.0
2013-08-30,20.3,0.0
2013-08-31,20.8,0.0
2013-09-01,21.0,0.0
2013-09-02,20.4,0.0
2013-09-03,22.5,0.0
2013-09-04,24.7,0.0
2013-09-05,24.4,1.5
2013-09-06,20.0,4.3
2013-09-07,16.9,4.7
2013-09-08,16.0,1.4
2013-09-09,17.0,0.3
2013-09-10,18.1,0.6
2013-09-11,16.6,0.0
2013-09-12,16.6,0.2
2013-09-13,19.1,0.0
2013-09-14,17.1,16.0
2013-09-15,15.3,0.2
2013-09-16,15.4,3.7
2013-09-17,16.1,0.1
2013-09-18,17.9,1.6
2013-09-19,16.2,0.0
2013-09-20,17.6,0.2
2013-09-21,15.7,0.0
2013-09-22,18.7,0.0
2013-09-23,20.3,0.0
2013-09-24,20.8,0.0
2013-09-25,21.9,0.0
2013-09-26,23.8,0.0
2013-09-27,24.5,0.0
2013-09-28,20.4,19.1
2013-09-29,18.2,4.4
2013-09-30,17.8,2.3
2013-10-01,18.8,5.8
2013-10-02,21.3,1.1
2013-10-03,21.9,12.2
2013-10-04,18.1,24.4
2013-10-05,16.9,4.1
2013-10-06,15.4,0.0
2013-10-07,15.2,0.0
2013-10-08,15.8,0.0
2013-10-09,16.2,0.0
2013-10-10,13.5,0.8
2013-10-11,9.6,1.1
2013-10-12,11.3,10.3
2013-10-13,12.3,0.8
2013-10-14,14.9,5.2
2013-10-15,15.9,3.5
2013-10-16,18.3,1.6
2013-10-17,15.1,0.0
2013-10-18,17.9,0.0
2013-10-19,18.5,0.2
2013-10-20,17.9,0.0
2013-10-21,18.1,0.0
2013-10-22,19.0,0.0
2013-10-23,17.7,0.8
2013-10-24,17.6,0.4
2013-10-25,18.6,16.3
2013-10-26,17.2,2.1
2013-10-27,17.0,0.0
2013-10-28,15.5,2.8
2013-10-29,12.0,1.1
2013-10-30,10.0,0.0
2013-10-31,8.9,0.0
2013-11-01,11.5,4.8
2013-11-02,15.9,9.0
2013-11-03,12.9,3.7
2013-11-04,12.7,37.3
2013-11-05,14.6,8.0
2013-11-06,16.0,0.4
2013-11-07,16.0,0.0
2013-11-08,13.4,5.0
2013-11-09,10.3,9.9
2013-11-10,13.3,7.9
2013-11-11,10.4,0.2
2013-11-12,13.1,0.9
2013-11-13,12.0,0.2
2013-11-14,9.5,0.7
2013-11-15,6.8,1.9
2013-11-16,6.0,0.0
2013-11-17,6.3,0.8
2013-11-18,7.8,0.5
2013-11-19,6.1,0.3
2013-11-20,5.0,4.8
2013-11-21,7.2,7.3
2013-11-22,4.5,0.0
2013-11-23,5.4,0.0
2013-11-24,6.4,0.0
2013-11-25,5.9,0.0
2013-11-26,4.0,0.0
2013-11-27,3.1,0.0
2013-11-28,0.6,0.0
2013-11-29,4.0,0.1
2013-11-30,6.9,1.0
2013-12-01,5.1,0.0
2013-12-02,4.1,0.0
2013-12-03,2.6,0.0
2013-12-04,3.0,0.0
2013-12-05,3.0,0.0
2013-12-06,6.0,0.0
2013-12-07,4.3,0.0
2013-12-08,1.6,0.0
2013-12-09,1.6,0.0
2013-12-10,2.3,0.0
2013-12-11,5.6,0.0
2013-12-12,5.6,0.0
2013-12-13,4.9,3.8
2013-12-14,7.3,0.0
2013-12-15,6.5,0.0
2013-12-16,7.1,0.0
2013-12-17,7.0,0.0
2013-12-18,9.3,0.0
2013-12-19,9.5,14.2
2013-12-20,5.8,0.0
2013-12-21,3.2,0.0
2013-12-22,8.8,0.6
2013-12-23,9.7,0.0
2013-12-24,11.5,12.1
2013-12-25,8.4,9.0
2013-12-26,7.7,1.4
2013-12-27,12.4,0.0
2013-12-28,9.4,13.0
2013-12-29,7.0,1.7
2013-12-30,6.2,0.0
2013-12-31,8.5,2.3
2014-01-01,9.9,3.5
2014-01-02,11.1,4.9
2014-01-03,11.5,2.8
2014-01-04,9.9,15.4
2014-01-05,8.8,5.5
2014-01-06,11.9,1.7
2014-01-07,12.1,0.8
2014-01-08,11.6,0.0
2014-01-09,10.0,0.4
2014-01-10,7.5,0.0
2014-01-11,8.8,0.0
2014-01-12,10.1,0.1
2014-01-13,9.2,4.7
2014-01-14,7.9,13.7
2014-01-15,9.6,2.0
2014-01-16,9.7,4.8
2014-01-17,7.9,0.0
2014-01-18,6.6,2.7
2014-01-19,6.1,3.4
2014-01-20,6.0,2.9
2014-01-21,5.3,0.0
2014-01-22,7.2,7.0
2014-01-23,7.6,1.0
2014-01-24,10.3,21.7
2014-01-25,11.3,4.0
2014-01-26,11.3,5.0
2014-01-27,6.8,12.7
2014-01-28,6.5,12.1
2014-01-29,7.0,3.0
2014-01-30,6.0,2.0
2014-01-31,6.5,0.2
2014-02-01,7.5,14.1
2014-02-02,6.1,1.2
2014-02-03,5.7,1.6
2014-02-04,7.7,1.5
2014-02-05,8.1,9.4
2014-02-06,11.5,1.2
2014-02-07,9.5,2.8
2014-02-08,9.4,10.0
2014-02-09,8.2,2.3
2014-02-10,7.4,4.7
2014-02-11,6.6,4.2
2014-02-12,8.7,2.1
2014-02-13,10.1,7.9
2014-02-14,12.7,2.9
2014-02-15,8.9,10.1
2014-02-16,7.5,1.3
2014-02-17,7.8,0.0
2014-02-18,7.9,0.0
2014-02-19,8.6,0.5
2014-02-20,10.2,3.3
2014-02-21,8.0,2.2
2014-02-22,8.3,2.0
2014-02-23,8.8,0.0
2014-02-24,10.4,0.0
2014-02-25,9.1,2.1
2014-02-26,7.6,3.1
2014-02-27,8.4,2.1
2014-02-28,8.0,20.5
2014-03-01,7.0,0.8
2014-03-02,7.4,4.3
2014-03-03,7.6,14.4
2014-03-04,8.4,7.6
2014-03-05,9.5,1.1
2014-03-06,8.6,0.0
2014-03-07,8.8,0.0
2014-03-08,10.5,0.0
2014-03-09,12.7,0.0
2014-03-10,11.3,0.0
2014-03-11,11.7,0.0
2014-03-12,11.3,0.0
2014-03-13,12.2,0.0
2014-03-14,12.6,0.0
2014-03-15,8.6,0.0
2014-03-16,9.4,0.0
2014-03-17,10.3,0.0
2014-03-18,9.5,0.0
2014-03-19,10.9,0.0
2014-03-20,11.9,0.0
2014-03-21,11.2,5.3
2014-03-22,9.3,6.1
2014-03-23,7.8,1.9
2014-03-24,7.8,4.9
2014-03-25,8.2,12.1
2014-03-26,7.8,1.7
2014-03-27,6.7,2.4
2014-03-28,10.7,0.0
2014-03-29,12.6,0.0
2014-03-30,13.7,0.0
2014-03-31,14.6,0.0
2014-04-01,15.7,0.0
2014-04-02,14.6,6.5
2014-04-03,12.4,17.4
2014-04-04,12.0,1.0
2014-04-05,11.5,0.6
2014-04-06,15.4,0.0
2014-04-07,16.3,0.0
2014-04-08,12.2,1.1
2014-04-09,11.8,0.0
2014-04-10,14.1,0.0
2014-04-11,14.0,0.0
2014-04-12,14.9,0.0
2014-04-13,14.0,0.0
2014-04-14,14.5,0.0
2014-04-15,14.8,0.0
2014-04-16,15.2,0.0
2014-04-17,14.4,0.0
2014-04-18,14.0,0.0
2014-04-19,12.7,0.0
2014-04-20,11.7,1.3
2014-04-21,12.7,0.1
2014-04-22,13.3,0.8
2014-04-23,13.9,0.0
2014-04-24,11.7,12.9
2014-04-25,12.2,2.5
2014-04-26,12.3,1.8
2014-04-27,12.1,5.4
2014-04-28,12.6,2.4
2014-04-29,12.6,3.7
2014-04-30,13.0,0.3
2014-05-01,13.2,2.6
2014-05-02,13.2,0.1
2014-05-03,12.6,0.0
2014-05-04,13.2,0.0
2014-05-05,16.5,0.0
2014-05-06,15.9,0.5
2014-05-07,15.3,0.0
2014-05-08,15.0,0.0
2014-05-09,15.6,0.0
2014-05-10,14.6,0.0
2014-05-11,14.0,0.0
2014-05-12,12.3,0.0
2014-05-13,12.2,0.2
2014-05-14,13.6,0.0
2014-05-15,14.5,0.0
2014-05-16,14.9,0.0
2014-05-17,17.1,0.0
2014-05-18,19.4,0.0
2014-05-19,19.1,13.6
2014-05-20,15.1,17.5
2014-05-21,16.0,18.0
2014-05-22,14.5,4.0
2014-05-23,12.2,5.5
2014-05-24,13.6,3.1
2014-05-25,13.9,16.6
2014-05-26,13.3,6.4
2014-05-27,13.9,0.0
2014-05-28,13.3,0.0
2014-05-29,14.8,0.2
2014-05-30,14.8,0.2
2014-05-31,16.3,0.4
2014-06-01,16.8,0.0
2014-06-02,17.1,0.0
2014-06-03,15.6,0.0
2014-06-04,15.1,3.4
2014-06-05,16.7,0.0
2014-06-06,22.8,1.3
2014-06-07,22.2,7.0
2014-06-08,22.5,9.7
2014-06-09,21.4,10.3
2014-06-10,19.9,0.0
2014-06-11,21.6,0.1
2014-06-12,23.5,0.5
2014-06-13,23.8,0.0
2014-06-14,21.1,0.0
2014-06-15,19.1,0.0
2014-06-16,20.0,0.0
2014-06-17,19.3,0.0
2014-06-18,19.6,0.0
2014-06-19,21.5,0.0
2014-06-20,23.5,0.0
2014-06-21,24.6,0.6
2014-06-22,24.1,4.1
2014-06-23,21.0,6.5
2014-06-24,21.2,0.0
2014-06-25,21.8,0.0
2014-06-26,19.8,0.0
2014-06-27,20.0,0.2
2014-06-28,19.3,5.0
2014-06-29,17.3,3.5
2014-06-30,18.1,0.0
2014-07-01,20.4,1.7
2014-07-02,20.9,0.1
2014-07-03,23.2,2.1
2014-07-04,21.3,4.2
2014-07-05,21.0,0.6
2014-07-06,18.9,13.6
2014-07-07,17.8,0.1
2014-07-08,17.6,2.1
2014-07-09,17.5,0.0
2014-07-10,17.8,0.0
2014-07-11,18.6,0.0
2014-07-12,18.8,0.9
2014-07-13,17.9,6.9
2014-07-14,19.3,0.0
2014-07-15,20.8,0.0
2014-07-16,24.4,0.0
2014-07-17,27.3,0.1
2014-07-18,25.0,1.6
2014-07-19,23.0,7.5
2014-07-20,19.4,15.9
2014-07-21,20.0,0.1
2014-07-22,21.3,0.0
2014-07-23,23.6,0.0
2014-07-24,24.7,0.0
2014-07-25,22.9,7.1
2014-07-26,23.2,1.0
2014-07-27,23.6,0.0
2014-07-28,19.7,6.1
2014-07-29,19.3,0.1
2014-07-30,21.7,0.0
2014-07-31,22.1,0.0
2014-08-01,21.2,1.0
2014-08-02,20.3,6.4
2014-08-03,20.6,3.4
2014-08-04,20.2,0.0
2014-08-05,20.8,0.0
2014-08-06,21.2,0.0
2014-08-07,21.4,1.3
2014-08-08,21.2,8.6
2014-08-09,21.0,1.6
2014-08-10,21.5,5.6
2014-08-11,19.2,0.1
2014-08-12,19.1,3.5
2014-08-13,18.0,9.0
2014-08-14,18.0,0.3
2014-08-15,17.8,1.2
2014-08-16,17.6,0.6
2014-08-17,17.6,0.0
2014-08-18,18.1,0.0
2014-08-19,17.8,0.0
2014-08-20,17.0,0.2
2014-08-21,17.2,0.0
2014-08-22,17.3,0.0
2014-08-23,17.2,0.2
2014-08-24,17.9,0.0
2014-08-25,20.7,0.0
2014-08-26,20.1,5.4
2014-08-27,20.9,0.0
2014-08-28,21.2,4.0
2014-08-29,19.9,5.9
2014-08-30,18.0,0.0
2014-08-31,19.1,0.0
2014-09-01,19.5,0.0
2014-09-02,20.0,0.0
2014-09-03,20.5,0.0
2014-09-04,20.5,0.0
2014-09-05,20.8,0.0
2014-09-06,22.0,0.0
2014-09-07,23.3,0.5
2014-09-08,21.8,5.9
2014-09-09,21.6,0.0
2014-09-10,22.3,0.0
2014-09-11,21.2,0.0
2014-09-12,20.0,0.0
2014-09-13,20.0,0.0
2014-09-14,21.0,0.0
2014-09-15,21.3,0.5
2014-09-16,23.3,1.8
2014-09-17,23.8,1.7
2014-09-18,22.7,0.9
2014-09-19,23.4,0.1
2014-09-20,22.4,1.8
2014-09-21,20.5,2.1
2014-09-22,18.7,0.0
2014-09-23,16.2,0.0
2014-09-24,16.2,0.0
2014-09-25,16.0,0.0
2014-09-26,15.8,0.0
2014-09-27,18.1,0.0
2014-09-28,20.5,0.0
2014-09-29,20.5,0.8
2014-09-30,19.7,0.4
2014-10-01,18.6,0.0
2014-10-02,19.1,0.0
2014-10-03,19.0,0.0
2014-10-04,17.8,5.9
2014-10-05,14.0,0.0
2014-10-06,15.1,2.1
2014-10-07,17.0,1.9
2014-10-08,18.6,10.3
2014-10-09,16.6,8.4
2014-10-10,16.6,0.1
2014-10-11,16.0,1.9
2014-10-12,18.4,0.4
2014-10-13,15.6,5.3
2014-10-14,16.3,0.3
2014-10-15,16.2,0.0
2014-10-16,18.8,1.2
2014-10-17,19.7,0.0
2014-10-18,21.2,0.0
2014-10-19,21.1,0.0
2014-10-20,19.7,0.0
2014-10-21,17.2,0.3
2014-10-22,12.9,0.0
2014-10-23,11.9,0.0
2014-10-24,13.0,0.0
2014-10-25,15.1,0.0
2014-10-26,14.2,0.0
2014-10-27,14.5,0.0
2014-10-28,15.8,0.0
2014-10-29,16.0,0.0
2014-10-30,17.1,0.0
2014-10-31,18.1,0.0
2014-11-01,16.6,0.0
2014-11-02,14.9,14.3
2014-11-03,14.1,11.0
2014-11-04,11.4,6.8
2014-11-05,9.4,0.9
2014-11-06,9.9,0.0
2014-11-07,13.0,2.4
2014-11-08,12.4,0.1
2014-11-09,11.1,5.9
2014-11-10,10.7,0.0
2014-11-11,10.3,6.0
2014-11-12,11.3,7.0
2014-11-13,12.8,0.7
2014-11-14,12.1,11.4
2014-11-15,10.8,6.2
2014-11-16,10.6,28.1
2014-11-17,10.8,1.2
2014-11-18,10.9,0.9
2014-11-19,10.6,0.0
2014-11-20,12.4,0.0
2014-11-21,13.4,0.0
2014-11-22,15.2,0.0
2014-11-23,16.5,0.3
2014-11-24,15.1,0.6
2014-11-25,13.3,2.0
2014-11-26,12.0,3.5
2014-11-27,10.8,0.0
2014-11-28,15.6,0.5
2014-11-29,16.1,2.5
2014-11-30,14.5,1.9
2014-12-01,8.2,2.3
2014-12-02,6.4,0.0
2014-12-03,6.2,0.0
2014-12-04,5.8,0.0
2014-12-05,6.3,1.2
2014-12-06,5.0,0.0
2014-12-07,4.8,0.0
2014-12-08,7.8,2.4
2014-12-09,4.3,0.0
2014-12-10,8.0,1.4
2014-12-11,9.8,0.0
2014-12-12,9.3,0.0
2014-12-13,8.8,0.0
2014-12-14,7.9,0.6
2014-12-15,7.0,0.1
2014-12-16,9.0,6.2
2014-12-17,10.9,0.1
2014-12-18,12.8,0.0
2014-12-19,11.9,0.0
2014-12-20,10.7,1.2
2014-12-21,5.8,0.0
2014-12-22,3.4,0.0
2014-12-23,3.7,0.0
2014-12-24,6.9,0.0
2014-12-25,8.1,0.0
2014-12-26,6.2,0.2
2014-12-27,9.0,8.7
2014-12-28,3.5,0.0
2014-12-29,-0.7,0.0
2014-12-30,0.4,0.0
2014-12-31,0.2,0.0
2015-01-01,-0.2,0.0
2015-01-02,1.7,0.0
2015-01-03,9.5,0.0
2015-01-04,10.9,0.0
2015-01-05,5.4,0.0
2015-01-06,6.0,0.0
2015-01-07,7.2,0.0
2015-01-08,9.0,0.1
2015-01-09,11.5,0.0
2015-01-10,12.0,0.0
2015-01-11,8.3,2.2
2015-01-12,4.8,0.0
2015-01-13,9.4,2.2
2015-01-14,9.2,0.0
2015-01-15,9.6,8.8
2015-01-16,7.2,6.1
2015-01-17,5.3,0.0
2015-01-18,5.3,3.4
2015-01-19,4.5,5.1
2015-01-20,1.9,0.0
2015-01-21,3.6,3.6
2015-01-22,3.8,0.0
2015-01-23,1.7,0.0
2015-01-24,1.9,0.0
2015-01-25,1.8,0.0
2015-01-26,4.7,0.4
2015-01-27,6.4,1.0
2015-01-28,7.3,1.3
2015-01-29,8.9,22.0
2015-01-30,6.3,6.2
2015-01-31,5.4,2.8
2015-02-01,4.5,0.2
2015-02-02,3.4,0.3
2015-02-03,2.7,1.2
2015-02-04,1.3,0.0
2015-02-05,1.7,0.0
2015-02-06,0.6,0.0
2015-02-07,1.4,0.0
2015-02-08,2.5,0.0
2015-02-09,3.5,0.0
2015-02-10,2.8,0.0
2015-02-11,3.6,0.0
2015-02-12,5.1,0.6
2015-02-13,7.5,3.3
2015-02-14,8.3,7.6
2015-02-15,6.0,0.0
2015-02-16,7.1,5.1
2015-02-17,7.6,0.3
2015-02-18,7.1,0.0
2015-02-19,6.5,0.0
2015-02-20,7.3,9.3
2015-02-21,6.1,5.4
2015-02-22,5.4,0.0
2015-02-23,9.9,2.9
2015-02-24,6.8,4.2
2015-02-25,8.1,8.5
2015-02-26,10.4,6.4
2015-02-27,7.4,0.0
2015-02-28,6.7,0.6
2015-03-01,12.1,4.8
2015-03-02,11.3,3.2
2015-03-03,9.3,3.1
2015-03-04,7.4,1.5
2015-03-05,6.0,0.0
2015-03-06,7.4,0.0
2015-03-07,9.5,0.0
2015-03-08,9.4,0.0
2015-03-09,7.7,0.0
2015-03-10,9.4,0.0
2015-03-11,11.6,0.0
2015-03-12,10.3,0.0
2015-03-13,8.9,1.8
2015-03-14,6.9,0.9
2015-03-15,8.0,0.0
2015-03-16,9.2,0.4
2015-03-17,10.5,0.0
2015-03-18,11.9,0.2
2015-03-19,12.6,0.2
2015-03-20,9.5,7.0
2015-03-21,10.9,2.1
2015-03-22,8.7,0.0
2015-03-23,10.2,0.5
2015-03-24,8.3,1.6
2015-03-25,6.2,0.7
2015-03-26,7.5,0.2
2015-03-27,9.7,0.4
2015-03-28,11.6,0.2
2015-03-29,11.9,0.8
2015-03-30,12.4,0.2
2015-03-31,11.9,1.1
2015-04-01,9.4,0.0
2015-04-02,8.9,0.0
2015-04-03,9.2,0.0
2015-04-04,10.8,0.7
2015-04-05,9.8,0.0
2015-04-06,10.3,0.0
2015-04-07,11.7,0.0
2015-04-08,12.6,0.0
2015-04-09,13.5,0.0
2015-04-10,12.7,1.6
2015-04-11,12.2,0.0
2015-04-12,14.9,0.0
2015-04-13,17.5,0.0
2015-04-14,18.8,0.0
2015-04-15,19.5,0.0
2015-04-16,16.2,0.8
2015-04-17,14.2,0.7
2015-04-18,14.0,16.9
2015-04-19,12.8,5.9
2015-04-20,14.1,0.0
2015-04-21,16.7,0.0
2015-04-22,17.3,0.1
2015-04-23,14.6,1.3
2015-04-24,15.4,0.0
2015-04-25,17.3,1.6
2015-04-26,15.6,10.7
2015-04-27,13.7,3.2
2015-04-28,12.0,0.0
2015-04-29,12.0,0.0
2015-04-30,12.9,3.2
2015-05-01,14.7,9.9
2015-05-02,15.4,9.6
2015-05-03,18.2,2.2
2015-05-04,19.4,1.5
2015-05-05,15.6,0.3
2015-05-06,13.7,0.0
2015-05-07,15.0,0.5
2015-05-08,16.2,9.0
2015-05-09,15.6,0.0
2015-05-10,18.3,0.0
2015-05-11,20.5,0.0
2015-05-12,19.4,0.0
2015-05-13,19.7,0.0
2015-05-14,14.1,2.4
2015-05-15,13.3,2.5
2015-05-16,14.7,0.0
2015-05-17,16.1,0.0
2015-05-18,14.8,0.0
2015-05-19,13.1,0.5
2015-05-20,12.4,1.8
2015-05-21,13.2,0.0
2015-05-22,14.2,0.0
2015-05-23,15.1,0.1
2015-05-24,17.5,0.0
2015-05-25,16.2,0.8
2015-05-26,16.2,0.0
2015-05-27,17.6,0.0
2015-05-28,17.1,0.0
2015-05-29,15.5,0.0
2015-05-30,15.8,0.0
2015-05-31,17.6,0.2
2015-06-01,17.2,0.1
2015-06-02,18.7,0.0
2015-06-03,19.7,0.0
2015-06-04,25.6,0.0
2015-06-05,23.8,0.0
2015-06-06,20.6,0.0
2015-06-07,23.4,0.0
2015-06-08,23.6,0.0
2015-06-09,21.7,0.0
2015-06-10,20.0,8.8
2015-06-11,21.7,20.0
2015-06-12,19.3,8.6
2015-06-13,18.6,10.6
2015-06-14,18.5,1.0
2015-06-15,17.4,0.7
2015-06-16,17.9,4.0
2015-06-17,19.0,0.0
2015-06-18,19.1,0.0
2015-06-19,19.3,0.4
2015-06-20,20.1,0.0
2015-06-21,21.3,0.0
2015-06-22,21.1,0.0
2015-06-23,18.3,0.0
2015-06-24,20.2,0.0
2015-06-25,22.6,0.0
2015-06-26,23.6,0.0
2015-06-27,21.2,0.0
2015-06-28,21.9,0.0
2015-06-29,23.0,0.0
2015-06-30,29.5,0.0
2015-07-01,27.9,0.4
2015-07-02,25.3,0.0
2015-07-03,29.4,0.1
2015-07-04,26.6,0.0
2015-07-05,24.8,0.0
2015-07-06,26.2,0.0
2015-07-07,24.8,0.0
2015-07-08,20.4,0.0
2015-07-09,20.8,0.0
2015-07-10,24.9,0.0
2015-07-11,22.2,0.0
2015-07-12,20.2,0.0
2015-07-13,20.9,0.0
2015-07-14,21.6,0.0
2015-07-15,25.5,0.0
2015-07-16,26.1,0.0
2015-07-17,24.6,0.7
2015-07-18,26.3,2.0
2015-07-19,23.8,0.1
2015-07-20,24.5,0.0
2015-07-21,25.9,2.7
2015-07-22,22.4,1.2
2015-07-23,22.0,0.0
2015-07-24,21.8,0.1
2015-07-25,19.8,0.0
2015-07-26,20.6,0.3
2015-07-27,20.4,0.7
2015-07-28,20.9,0.0
2015-07-29,20.4,3.2
2015-07-30,19.5,0.0
2015-07-31,17.8,2.0
2015-08-01,20.3,0.0
2015-08-02,24.1,0.0
2015-08-03,25.1,12.6
2015-08-04,20.6,14.5
2015-08-05,23.8,0.0
2015-08-06,23.1,0.0
2015-08-07,22.8,0.2
2015-08-08,17.4,20.8
2015-08-09,18.3,3.4
2015-08-10,21.1,0.0
2015-08-11,24.0,0.0
2015-08-12,25.9,5.3
2015-08-13,20.5,34.3
2015-08-14,17.1,11.5
2015-08-15,17.2,0.3
2015-08-16,17.4,0.1
2015-08-17,18.5,0.0
2015-08-18,18.5,0.0
2015-08-19,19.1,0.0
2015-08-20,20.9,0.0
2015-08-21,23.6,0.0
2015-08-22,23.6,6.3
2015-08-23,20.5,6.3
2015-08-24,18.4,2.9
2015-08-25,19.6,0.0
2015-08-26,22.6,0.0
2015-08-27,24.0,0.0
2015-08-28,24.8,0.0
2015-08-29,27.1,0.0
2015-08-30,27.4,0.0
2015-08-31,24.1,4.1
2015-09-01,19.7,0.4
2015-09-02,18.8,0.0
2015-09-03,18.2,0.0
2015-09-04,16.3,0.0
2015-09-05,16.7,0.0
2015-09-06,17.4,0.0
2015-09-07,17.0,0.0
2015-09-08,18.4,0.0
2015-09-09,20.0,0.0
2015-09-10,21.2,0.0
2015-09-11,21.5,0.0
2015-09-12,19.0,21.4
2015-09-13,18.2,1.1
2015-09-14,16.5,2.7
2015-09-15,17.2,4.0
2015-09-16,19.5,8.2
2015-09-17,15.9,6.8
2015-09-18,15.9,0.1
2015-09-19,16.5,0.0
2015-09-20,16.1,0.0
2015-09-21,16.0,0.0
2015-09-22,15.6,1.9
2015-09-23,14.3,0.2
2015-09-24,15.2,0.0
2015-09-25,16.4,0.0
2015-09-26,16.5,0.0
2015-09-27,16.9,0.0
2015-09-28,17.4,0.0
2015-09-29,16.4,0.0
2015-09-30,18.4,0.0
2015-10-01,15.4,0.0
2015-10-02,13.6,0.2
2015-10-03,12.8,20.1
2015-10-04,13.9,0.8
2015-10-05,19.8,8.3
2015-10-06,18.1,4.7
2015-10-07,14.9,0.3
2015-10-08,13.4,0.0
2015-10-09,12.5,0.0
2015-10-10,13.8,0.0
2015-10-11,15.0,0.2
2015-10-12,14.3,1.5
2015-10-13,12.4,0.7
2015-10-14,9.0,0.0
2015-10-15,10.2,0.4
2015-10-16,7.9,0.0
2015-10-17,10.7,0.0
2015-10-18,12.5,5.6
2015-10-19,13.1,0.0
2015-10-20,11.6,0.0
2015-10-21,11.1,0.0
2015-10-22,13.1,0.2
2015-10-23,13.3,0.0
2015-10-24,15.0,0.0
2015-10-25,14.1,0.0
2015-10-26,16.2,0.0
2015-10-27,15.0,16.6
2015-10-28,12.2,1.7
2015-10-29,14.1,0.0
2015-10-30,16.0,0.0
2015-10-31,16.5,0.0
2015-11-01,15.9,0.0
2015-11-02,15.7,9.9
2015-11-03,15.3,2.7
2015-11-04,15.8,0.2
2015-11-05,15.7,2.7
2015-11-06,18.2,0.2
2015-11-07,16.6,0.0
2015-11-08,15.8,0.0
2015-11-09,15.4,0.0
2015-11-10,13.6,0.0
2015-11-11,12.0,0.0
2015-11-12,13.2,0.0
2015-11-13,12.6,0.4
2015-11-14,8.9,0.0
2015-11-15,9.9,0.0
2015-11-16,11.5,0.0
2015-11-17,13.6,0.4
2015-11-18,16.1,0.3
2015-11-19,15.5,1.5
2015-11-20,15.4,7.1
2015-11-21,9.0,9.1
2015-11-22,5.3,0.0
2015-11-23,3.2,0.2
2015-11-24,4.6,1.9
2015-11-25,10.8,2.5
2015-11-26,10.8,0.0
2015-11-27,8.8,0.3
2015-11-28,9.2,0.3
2015-11-29,11.8,0.0
2015-11-30,10.6,0.0
2015-12-01,8.7,0.0
2015-12-02,5.0,0.0
2015-12-03,6.8,0.0
2015-12-04,9.2,0.0
2015-12-05,7.0,0.0
2015-12-06,10.1,0.0
2015-12-07,11.2,0.0
2015-12-08,10.8,0.0
2015-12-09,7.6,0.0
2015-12-10,6.4,0.0
2015-12-11,9.9,0.0
2015-12-12,7.9,0.0
2015-12-13,7.4,0.0
2015-12-14,9.3,0.0
2015-12-15,10.8,1.7
2015-12-16,10.6,0.0
2015-12-17,11.7,0.0
2015-12-18,11.4,0.0
2015-12-19,12.2,0.0
2015-12-20,12.3,1.2
2015-12-21,10.8,0.0
2015-12-22,9.1,0.0
2015-12-23,10.4,1.0
2015-12-24,9.8,0.0
2015-12-25,9.8,0.0
2015-12-26,10.1,0.0
2015-12-27,10.1,0.0
2015-12-28,11.4,0.4
2015-12-29,10.5,2.6
2015-12-30,11.2,0.8
2015-12-31,10.3,2.2
2016-01-01,8.0,4.7
2016-01-02,9.6,6.1
2016-01-03,8.9,16.2
2016-01-04,9.5,13.3
2016-01-05,7.8,2.6
2016-01-06,9.0,16.6
2016-01-07,11.9,25.6
2016-01-08,11.4,7.2
2016-01-09,10.4,2.9
2016-01-10,9.0,33.5
2016-01-11,9.4,5.9
2016-01-12,7.8,10.4
2016-01-13,6.7,2.6
2016-01-14,8.0,10.9
2016-01-15,4.7,0.0
2016-01-16,3.2,0.0
2016-01-17,4.0,0.0
2016-01-18,6.4,7.7
2016-01-19,8.0,4.6
2016-01-20,7.8,0.1
2016-01-21,5.7,0.0
2016-01-22,8.0,5.0
2016-01-23,10.3,0.0
2016-01-24,9.8,0.0
2016-01-25,11.1,0.0
2016-01-26,10.2,0.0
2016-01-27,10.4,0.0
2016-01-28,10.1,3.8
2016-01-29,6.9,0.0
2016-01-30,8.3,4.7
2016-01-31,12.3,4.1
2016-02-01,11.9,0.0
2016-02-02,10.8,0.1
2016-02-03,8.7,3.0
2016-02-04,7.4,0.0
2016-02-05,8.6,0.0
2016-02-06,9.6,4.6
2016-02-07,9.4,6.3
2016-02-08,12.0,4.4
2016-02-09,9.9,27.7
2016-02-10,6.5,2.4
2016-02-11,7.7,2.7
2016-02-12,10.4,22.5
2016-02-13,11.3,13.3
2016-02-14,7.4,18.1
2016-02-15,4.5,0.6
2016-02-16,3.6,0.0
2016-02-17,2.0,0.0
2016-02-18,5.7,1.9
2016-02-19,5.1,2.9
2016-02-20,9.6,0.0
2016-02-21,10.6,0.0
2016-02-22,8.4,0.1
2016-02-23,10.3,3.6
2016-02-24,10.5,0.9
2016-02-25,8.2,3.4
2016-02-26,7.2,0.0
2016-02-27,7.9,5.8
2016-02-28,7.0,0.0
2016-02-29,5.4,0.0
2016-03-01,6.9,0.2
2016-03-02,9.7,7.6
2016-03-03,8.5,5.4
2016-03-04,9.1,18.0
2016-03-05,7.0,1.4
2016-03-06,5.6,1.5
2016-03-07,6.3,1.4
2016-03-08,5.7,0.7
2016-03-09,7.8,14.4
2016-03-10,7.5,1.6
2016-03-11,7.8,0.0
2016-03-12,8.4,0.0
2016-03-13,7.4,0.3
2016-03-14,8.4,0.0
2016-03-15,8.6,0.0
2016-03-16,7.8,0.4
2016-03-17,6.0,0.4
2016-03-18,7.1,1.7
2016-03-19,9.6,0.1
2016-03-20,10.2,4.7
2016-03-21,10.2,0.1
2016-03-22,9.4,0.0
2016-03-23,9.1,0.0
2016-03-24,8.1,0.0
2016-03-25,9.2,1.5
2016-03-26,13.7,1.1
2016-03-27,10.7,3.1
2016-03-28,12.7,1.4
2016-03-29,11.6,3.3
2016-03-30,14.0,0.0
2016-03-31,9.0,10.1
2016-04-01,9.0,0.0
2016-04-02,10.8,0.0
2016-04-03,13.5,3.6
2016-04-04,11.3,6.0
2016-04-05,11.6,0.4
2016-04-06,9.9,0.0
2016-04-07,9.4,2.6
2016-04-08,8.1,2.5
2016-04-09,9.1,4.6
2016-04-10,13.3,4.8
2016-04-11,13.1,1.1
2016-04-12,13.2,3.5
2016-04-13,12.3,0.3
2016-04-14,13.1,9.3
2016-04-15,13.1,8.4
2016-04-16,12.8,11.4
2016-04-17,10.3,2.4
2016-04-18,10.2,0.0
2016-04-19,13.2,0.1
2016-04-20,13.8,1.0
2016-04-21,13.6,3.6
2016-04-22,12.9,0.1
2016-04-23,12.6,1.8
2016-04-24,10.0,0.0
2016-04-25,9.9,0.0
2016-04-26,10.8,0.8
2016-04-27,10.0,0.0
2016-04-28,8.6,0.0
2016-04-29,9.8,0.0
2016-04-30,9.3,4.9
2016-05-01,9.4,0.0
2016-05-02,10.6,0.0
2016-05-03,11.9,0.0
2016-05-04,14.3,0.0
2016-05-05,17.6,0.0
2016-05-06,17.4,0.0
2016-05-07,17.7,0.9
2016-05-08,17.8,0.4
2016-05-09,16.2,13.2
2016-05-10,17.7,0.8
2016-05-11,15.1,7.3
2016-05-12,14.4,0.0
2016-05-13,14.4,0.1
2016-05-14,15.7,3.5
2016-05-15,14.2,0.0
2016-05-16,13.3,0.0
2016-05-17,14.2,0.0
2016-05-18,13.6,0.0
2016-05-19,14.2,0.0
2016-05-20,16.8,0.1
2016-05-21,20.0,4.1
2016-05-22,13.5,25.9
2016-05-23,13.3,0.6
2016-05-24,14.8,0.0
2016-05-25,17.5,0.2
2016-05-26,17.5,11.7
2016-05-27,18.7,1.4
2016-05-28,18.0,17.1
2016-05-29,16.1,3.0
2016-05-30,15.3,3.6
2016-05-31,15.9,1.6
2016-06-01,15.4,1.7
2016-06-02,17.3,0.4
2016-06-03,17.7,0.0
2016-06-04,17.5,0.0
2016-06-05,18.8,0.0
2016-06-06,20.1,0.2
2016-06-07,20.3,0.3
2016-06-08,21.4,0.0
2016-06-09,21.6,0.0
2016-06-10,18.5,12.8
2016-06-11,17.4,0.0
2016-06-12,16.8,0.3
2016-06-13,17.6,1.9
2016-06-14,16.0,6.1
2016-06-15,15.9,8.1
2016-06-16,15.0,8.5
2016-06-17,15.1,4.0
2016-06-18,15.5,1.0
2016-06-19,16.0,0.3
2016-06-20,17.1,0.0
2016-06-21,21.1,0.0
2016-06-22,25.7,0.0
2016-06-23,24.7,0.0
2016-06-24,21.1,1.4
2016-06-25,18.3,0.0
2016-06-26,17.3,0.0
2016-06-27,17.3,0.0
2016-06-28,19.2,0.0
2016-06-29,18.8,0.0
2016-06-30,19.3,0.0
2016-07-01,19.7,0.0
2016-07-02,18.5,0.0
2016-07-03,18.6,0.0
2016-07-04,20.9,0.0
2016-07-05,20.7,0.0
2016-07-06,20.6,0.0
2016-07-07,23.3,0.0
2016-07-08,22.1,0.0
2016-07-09,21.4,0.0
2016-07-10,22.6,0.0
2016-07-11,20.7,0.3
2016-07-12,19.0,0.1
2016-07-13,17.7,0.1
2016-07-14,17.2,0.0
2016-07-15,19.0,0.0
2016-07-16,21.7,0.0
2016-07-17,25.0,0.0
2016-07-18,27.7,0.0
2016-07-19,28.7,0.0
2016-07-20,23.8,0.3
2016-07-21,22.0,0.0
2016-07-22,22.0,0.0
2016-07-23,22.1,0.3
2016-07-24,21.9,0.0
2016-07-25,22.4,0.0
2016-07-26,23.1,0.0
2016-07-27,22.2,0.0
2016-07-28,21.6,0.2
2016-07-29,22.8,0.0
2016-07-30,23.2,0.0
2016-07-31,20.7,0.3
2016-08-01,20.7,0.0
2016-08-02,21.2,0.0
2016-08-03,22.6,0.0
2016-08-04,19.2,6.2
2016-08-05,19.7,0.0
2016-08-06,20.9,0.0
2016-08-07,23.2,0.0
2016-08-08,22.3,0.0
2016-08-09,20.4,1.0
2016-08-10,19.0,0.0
2016-08-11,19.4,0.0
2016-08-12,22.3,0.0
2016-08-13,25.7,0.0
2016-08-14,27.3,0.0
2016-08-15,26.7,2.4
2016-08-16,25.6,0.7
2016-08-17,22.5,0.0
2016-08-18,21.1,0.0
2016-08-19,21.0,1.5
2016-08-20,20.2,4.0
2016-08-21,19.6,0.0
2016-08-22,22.3,0.0
2016-08-23,27.1,0.0
2016-08-24,26.4,0.0
2016-08-25,28.2,0.0
2016-08-26,27.0,0.0
2016-08-27,27.5,0.0
2016-08-28,22.7,0.0
2016-08-29,20.6,0.1
2016-08-30,21.8,0.0
2016-08-31,23.4,0.0
2016-09-01,24.0,0.0
2016-09-02,24.0,0.0
2016-09-03,23.8,0.0
2016-09-04,23.1,0.0
2016-09-05,22.1,0.0
2016-09-06,25.0,0.0
2016-09-07,26.6,0.0
2016-09-08,22.0,0.4
2016-09-09,20.6,0.3
2016-09-10,21.6,0.0
2016-09-11,23.6,0.0
2016-09-12,27.2,0.0
2016-09-13,25.2,11.1
2016-09-14,17.6,4.2
2016-09-15,17.7,0.1
2016-09-16,16.9,2.7
2016-09-17,16.6,0.0
2016-09-18,16.9,0.0
2016-09-19,18.4,0.0
2016-09-20,19.1,0.0
2016-09-21,19.1,0.0
2016-09-22,19.5,0.0
2016-09-23,19.6,0.0
2016-09-24,21.4,0.0
2016-09-25,18.8,1.3
2016-09-26,17.3,0.0
2016-09-27,18.4,0.0
2016-09-28,19.4,0.0
2016-09-29,21.0,0.0
2016-09-30,20.5,1.8
2016-10-01,17.2,12.8
2016-10-02,16.5,0.0
2016-10-03,16.5,0.0
2016-10-04,19.1,0.0
2016-10-05,18.5,0.0
2016-10-06,15.3,0.0
2016-10-07,12.4,0.0
2016-10-08,13.1,0.0
2016-10-09,14.2,0.0
2016-10-10,11.9,0.0
2016-10-11,12.0,0.0
2016-10-12,13.9,3.3
2016-10-13,14.8,1.7
2016-10-14,13.7,0.7
2016-10-15,15.4,0.0
2016-10-16,16.7,0.0
2016-10-17,15.9,6.6
2016-10-18,13.9,0.0
2016-10-19,12.6,0.0
2016-10-20,12.2,0.0
2016-10-21,10.7,0.0
2016-10-22,11.9,0.0
2016-10-23,16.2,9.3
2016-10-24,15.6,11.1
2016-10-25,13.8,3.4
2016-10-26,14.6,0.0
2016-10-27,13.0,0.0
2016-10-28,11.2,0.0
2016-10-29,11.9,0.0
2016-10-30,11.7,0.0
2016-10-31,12.8,0.0
2016-11-01,13.4,0.0
2016-11-02,11.6,0.0
2016-11-03,10.5,0.0
2016-11-04,11.7,1.1
2016-11-05,11.3,8.7
2016-11-06,7.7,0.6
2016-11-07,6.9,0.1
2016-11-08,7.3,1.4
2016-11-09,11.5,9.0
2016-11-10,11.7,4.2
2016-11-11,11.5,0.6
2016-11-12,9.9,1.3
2016-11-13,12.7,0.6
2016-11-14,9.7,0.0
2016-11-15,9.4,0.0
2016-11-16,11.7,0.0
2016-11-17,12.1,0.0
2016-11-18,11.9,2.1
2016-11-19,9.9,2.9
2016-11-20,14.0,4.5
2016-11-21,13.2,0.9
2016-11-22,9.9,7.0
2016-11-23,9.9,16.2
2016-11-24,10.7,3.3
2016-11-25,9.2,5.0
2016-11-26,8.5,2.7
2016-11-27,10.6,0.0
2016-11-28,7.8,0.0
2016-11-29,7.2,0.0
2016-11-30,8.6,0.0
2016-12-01,6.7,0.0
2016-12-02,3.8,0.0
2016-12-03,3.2,0.0
2016-12-04,8.7,0.0
2016-12-05,10.9,0.0
2016-12-06,9.2,0.0
2016-12-07,7.8,0.0
2016-12-08,8.1,0.0
2016-12-09,8.2,0.0
2016-12-10,6.0,0.0
2016-12-11,7.2,0.0
2016-12-12,9.3,0.0
2016-12-13,6.8,0.0
2016-12-14,7.6,0.0
2016-12-15,7.4,0.0
2016-12-16,8.9,0.0
2016-12-17,9.3,0.0
2016-12-18,5.7,0.0
2016-12-19,4.3,0.0
2016-12-20,4.9,0.0
2016-12-21,4.9,0.3
2016-12-22,8.7,8.6
2016-12-23,10.4,0.2
2016-12-24,11.8,0.0
2016-12-25,12.1,0.1
2016-12-26,11.5,0.0
2016-12-27,9.1,0.0
2016-12-28,5.6,0.0
2016-12-29,5.3,0.0
2016-12-30,6.2,0.0
2016-12-31,3.0,0.0
2017-01-01,2.6,0.0
2017-01-02,3.1,0.0
2017-01-03,1.8,0.0
2017-01-04,-0.1,0.0
2017-01-05,1.9,0.1
2017-01-06,-0.5,0.0
2017-01-07,-1.6,0.0
2017-01-08,1.7,0.0
2017-01-09,4.6,1.0
2017-01-10,7.9,7.9
2017-01-11,9.5,0.7
2017-01-12,9.8,3.8
2017-01-13,5.5,1.3
2017-01-14,3.6,0.8
2017-01-15,5.5,5.6
2017-01-16,7.5,1.0
2017-01-17,0.4,0.0
2017-01-18,-2.1,0.0
2017-01-19,-2.9,0.0
2017-01-20,-0.1,0.0
2017-01-21,1.6,0.0
2017-01-22,0.4,0.1
2017-01-23,1.2,0.0
2017-01-24,0.9,0.0
2017-01-25,-0.7,0.0
2017-01-26,0.3,0.0
2017-01-27,5.9,0.9
2017-01-28,7.0,0.4
2017-01-29,8.1,0.1
2017-01-30,11.2,4.2
2017-01-31,10.5,0.0
2017-02-01,10.6,0.6
2017-02-02,10.0,6.7
2017-02-03,8.5,2.5
2017-02-04,9.9,18.0
2017-02-05,8.9,8.6
2017-02-06,7.9,1.1
2017-02-07,10.5,4.7
2017-02-08,6.1,2.3
2017-02-09,4.0,0.0
2017-02-10,4.9,0.0
2017-02-11,3.5,0.0
2017-02-12,9.7,0.4
2017-02-13,13.3,7.0
2017-02-14,11.0,0.4
2017-02-15,11.8,0.0
2017-02-16,10.5,0.0
2017-02-17,8.9,0.0
2017-02-18,8.3,0.0
2017-02-19,8.5,0.0
2017-02-20,9.4,0.0
2017-02-21,10.8,0.1
2017-02-22,9.6,0.0
2017-02-23,8.2,0.5
2017-02-24,7.5,0.0
2017-02-25,6.7,0.0
2017-02-26,9.1,0.0
2017-02-27,10.1,4.2
2017-02-28,9.0,14.5
2017-03-01,11.3,0.9
2017-03-02,10.9,1.6
2017-03-03,12.1,12.2
2017-03-04,8.5,12.6
2017-03-05,9.9,5.4
2017-03-06,11.5,7.3
2017-03-07,10.4,8.0
2017-03-08,11.6,0.0
2017-03-09,10.3,0.0
2017-03-10,10.9,0.0
2017-03-11,12.6,1.0
2017-03-12,11.0,8.3
2017-03-13,11.4,3.8
2017-03-14,11.7,0.0
2017-03-15,11.0,0.0
2017-03-16,12.8,0.0
2017-03-17,11.5,0.0
2017-03-18,10.5,0.0
2017-03-19,10.5,0.0
2017-03-20,10.8,1.3
2017-03-21,9.1,5.5
2017-03-22,7.5,7.3
2017-03-23,6.5,4.4
2017-03-24,8.2,0.9
2017-03-25,11.4,0.3
2017-03-26,11.3,0.0
2017-03-27,12.9,0.3
2017-03-28,12.9,0.2
2017-03-29,14.1,0.0
2017-03-30,16.2,0.0
2017-03-31,13.7,2.2
2017-04-01,11.1,10.5
2017-04-02,11.0,1.7
2017-04-03,11.9,0.0
2017-04-04,12.1,0.1
2017-04-05,12.0,0.3
2017-04-06,11.6,0.0
2017-04-07,12.1,0.0
2017-04-08,15.4,0.0
2017-04-09,17.7,0.8
2017-04-10,14.5,0.0
2017-04-11,13.5,0.0
2017-04-12,13.2,0.0
2017-04-13,13.4,0.0
2017-04-14,12.5,0.0
2017-04-15,12.3,0.1
2017-04-16,12.2,0.5
2017-04-17,12.7,0.0
2017-04-18,12.2,0.0
2017-04-19,10.5,0.0
2017-04-20,10.2,0.0
2017-04-21,12.0,0.0
2017-04-22,14.8,0.0
2017-04-23,15.9,0.0
2017-04-24,15.0,0.0
2017-04-25,11.4,4.9
2017-04-26,8.4,0.3
2017-04-27,7.8,0.3
2017-04-28,9.6,0.1
2017-04-29,12.9,0.0
2017-04-30,11.7,4.8
2017-05-01,10.7,8.3
2017-05-02,13.0,6.0
2017-05-03,12.1,0.0
2017-05-04,14.4,0.0
2017-05-05,16.9,7.1
2017-05-06,14.2,4.8
2017-05-07,14.5,0.0
2017-05-08,14.0,0.2
2017-05-09,14.7,0.0
2017-05-10,16.6,2.0
2017-05-11,16.5,5.6
2017-05-12,17.2,0.1
2017-05-13,15.1,10.3
2017-05-14,16.7,0.9
2017-05-15,20.3,0.0
2017-05-16,22.5,0.0
2017-05-17,20.0,3.7
2017-05-18,13.5,14.5
2017-05-19,12.4,5.1
2017-05-20,13.6,5.8
2017-05-21,17.3,0.0
2017-05-22,19.2,1.4
2017-05-23,18.1,0.0
2017-05-24,21.2,0.0
2017-05-25,23.9,0.0
2017-05-26,23.8,1.4
2017-05-27,24.2,0.2
2017-05-28,25.6,0.7
2017-05-29,21.3,7.6
2017-05-30,19.5,6.3
2017-05-31,19.6,2.3
2017-06-01,21.5,0.0
2017-06-02,22.0,1.5
2017-06-03,17.2,7.0
2017-06-04,16.5,0.9
2017-06-05,18.1,0.2
2017-06-06,16.7,0.9
2017-06-07,17.4,0.2
2017-06-08,21.7,7.6
2017-06-09,19.5,0.6
2017-06-10,22.3,0.0
2017-06-11,23.7,0.0
2017-06-12,20.6,0.0
2017-06-13,22.8,1.8
2017-06-14,25.7,0.4
2017-06-15,22.2,0.0
2017-06-16,21.4,0.0
2017-06-17,24.2,0.0
2017-06-18,26.4,0.0
2017-06-19,29.6,0.2
2017-06-20,28.5,1.3
2017-06-21,28.7,0.0
2017-06-22,25.7,0.0
2017-06-23,22.0,0.1
2017-06-24,19.7,0.1
2017-06-25,22.1,0.0
2017-06-26,22.1,8.7
2017-06-27,20.0,6.7
2017-06-28,18.2,12.8
2017-06-29,15.4,24.9
2017-06-30,15.2,17.6
2017-07-01,16.1,2.2
2017-07-02,18.3,0.0
2017-07-03,19.0,0.0
2017-07-04,22.5,0.0
2017-07-05,25.8,0.0
2017-07-06,23.1,0.1
2017-07-07,26.1,0.0
2017-07-08,23.1,23.5
2017-07-09,21.2,13.9
2017-07-10,19.7,1.9
2017-07-11,19.7,0.7
2017-07-12,20.3,0.2
2017-07-13,19.6,0.9
2017-07-14,19.6,0.0
2017-07-15,20.7,0.0
2017-07-16,24.6,0.0
2017-07-17,27.5,0.0
2017-07-18,28.7,1.5
2017-07-19,22.8,0.2
2017-07-20,20.2,0.5
2017-07-21,18.2,1.5
2017-07-22,19.5,2.1
2017-07-23,19.9,2.8
2017-07-24,19.8,1.3
2017-07-25,19.8,1.3
2017-07-26,19.0,1.5
2017-07-27,20.0,1.3
2017-07-28,20.6,0.0
2017-07-29,22.7,1.3
2017-07-30,22.0,1.4
2017-07-31,21.1,6.5
2017-08-01,21.5,1.9
2017-08-02,23.2,0.0
2017-08-03,22.9,0.1
2017-08-04,22.9,0.0
2017-08-05,19.8,1.3
2017-08-06,20.6,0.0
2017-08-07,20.1,3.6
2017-08-08,18.4,0.7
2017-08-09,17.2,4.9
2017-08-10,17.3,1.3
2017-08-11,17.8,0.0
2017-08-12,18.4,0.0
2017-08-13,20.8,0.0
2017-08-14,25.5,2.2
2017-08-15,22.0,0.5
2017-08-16,20.9,0.0
2017-08-17,21.9,0.0
2017-08-18,20.2,2.3
2017-08-19,18.5,0.0
2017-08-20,18.9,0.0
2017-08-21,23.5,0.0
2017-08-22,24.7,0.0
2017-08-23,23.2,0.1
2017-08-24,24.1,6.1
2017-08-25,23.4,0.0
2017-08-26,25.1,0.0
2017-08-27,25.6,1.1
2017-08-28,26.5,0.2
2017-08-29,24.2,0.4
2017-08-30,20.9,3.7
2017-08-31,17.7,0.4
2017-09-01,16.2,6.3
2017-09-02,17.3,0.0
2017-09-03,17.6,7.5
2017-09-04,20.1,6.0
2017-09-05,20.2,0.7
2017-09-06,18.3,0.6
2017-09-07,18.0,0.6
2017-09-08,18.7,0.0
2017-09-09,16.6,24.3
2017-09-10,16.7,2.9
2017-09-11,17.0,4.7
2017-09-12,16.7,0.7
2017-09-13,19.5,0.1
2017-09-14,16.9,4.8
2017-09-15,13.7,2.0
2017-09-16,13.2,4.0
2017-09-17,13.4,8.6
2017-09-18,14.3,1.4
2017-09-19,13.7,0.7
2017-09-20,14.7,0.0
2017-09-21,16.6,0.0
2017-09-22,16.7,0.0
2017-09-23,18.4,0.1
2017-09-24,20.0,0.0
2017-09-25,18.0,2.3
2017-09-26,17.2,2.7
2017-09-27,17.9,0.0
2017-09-28,20.1,0.5
2017-09-29,20.2,0.0
2017-09-30,16.3,4.1
2017-10-01,16.3,2.5
2017-10-02,19.2,2.4
2017-10-03,18.8,3.7
2017-10-04,16.3,0.0
2017-10-05,15.9,0.1
2017-10-06,15.7,0.2
2017-10-07,12.6,0.0
2017-10-08,14.2,0.0
2017-10-09,15.7,1.0
2017-10-10,16.4,0.1
2017-10-11,17.1,0.0
2017-10-12,17.0,0.0
2017-10-13,17.4,0.0
2017-10-14,18.5,0.0
2017-10-15,21.1,0.0
2017-10-16,20.7,0.0
2017-10-17,20.1,0.0
2017-10-18,18.4,4.1
2017-10-19,15.8,0.7
2017-10-20,17.1,0.1
2017-10-21,16.1,0.3
2017-10-22,13.7,0.1
2017-10-23,14.5,0.0
2017-10-24,15.6,0.0
2017-10-25,17.3,0.0
2017-10-26,17.5,0.0
2017-10-27,16.3,0.0
2017-10-28,12.5,0.0
2017-10-29,12.7,0.2
2017-10-30,11.5,0.0
2017-10-31,8.5,0.0
2017-11-01,12.5,0.0
2017-11-02,15.2,0.0
2017-11-03,14.6,0.0
2017-11-04,13.3,3.8
2017-11-05,9.8,1.3
2017-11-06,7.3,0.0
2017-11-07,6.0,0.8
2017-11-08,9.3,1.2
2017-11-09,8.2,0.9
2017-11-10,10.6,1.6
2017-11-11,13.0,0.3
2017-11-12,13.1,1.9
2017-11-13,7.2,0.0
2017-11-14,5.4,0.0
2017-11-15,5.7,0.0
2017-11-16,6.2,0.0
2017-11-17,7.3,0.0
2017-11-18,5.8,0.0
2017-11-19,5.5,0.0
2017-11-20,6.5,0.0
2017-11-21,8.0,0.0
2017-11-22,10.5,0.0
2017-11-23,14.2,0.0
2017-11-24,12.8,9.6
2017-11-25,9.1,6.5
2017-11-26,6.1,0.0
2017-11-27,5.2,0.0
2017-11-28,6.6,6.4
2017-11-29,4.7,0.2
2017-11-30,3.8,1.7
2017-12-01,3.4,0.1
2017-12-02,1.4,0.0
2017-12-03,0.1,0.4
2017-12-04,4.2,0.1
2017-12-05,4.6,0.0
2017-12-06,0.8,0.0
2017-12-07,5.3,6.2
2017-12-08,7.9,2.5
2017-12-09,5.9,3.2
2017-12-10,11.6,37.1
2017-12-11,9.1,11.9
2017-12-12,5.4,0.8
2017-12-13,9.7,2.6
2017-12-14,10.7,6.5
2017-12-15,7.3,7.5
2017-12-16,3.6,0.1
2017-12-17,5.4,0.1
2017-12-18,8.8,2.5
2017-12-19,4.0,0.0
2017-12-20,3.4,0.0
2017-12-21,6.2,0.0
2017-12-22,8.0,0.7
2017-12-23,7.3,0.0
2017-12-24,5.4,0.0
2017-12-25,5.6,0.0
2017-12-26,8.0,9.8
2017-12-27,7.9,3.0
2017-12-28,4.8,1.1
2017-12-29,10.0,6.9
2017-12-30,13.4,0.5
2017-12-31,10.8,2.7
2018-01-01,10.1,10.5
2018-01-02,12.2,9.5
2018-01-03,14.0,3.1
2018-01-04,14.2,1.7
2018-01-05,11.0,6.8
2018-01-06,7.3,11.4
2018-01-07,9.9,35.3
2018-01-08,8.4,1.5
2018-01-09,8.7,1.0
2018-01-10,9.4,5.6
2018-01-11,7.6,1.2
2018-01-12,4.4,0.0
2018-01-13,5.4,0.0
2018-01-14,6.7,2.9
2018-01-15,7.8,2.6
2018-01-16,12.0,2.5
2018-01-17,9.3,2.9
2018-01-18,11.4,1.0
2018-01-19,9.7,1.5
2018-01-20,11.2,9.7
2018-01-21,12.8,3.6
2018-01-22,11.3,3.1
2018-01-23,10.3,0.3
2018-01-24,9.7,0.0
2018-01-25,9.2,11.2
2018-01-26,7.3,1.5
2018-01-27,5.1,0.0
2018-01-28,3.0,0.0
2018-01-29,5.8,0.0
2018-01-30,8.2,0.0
2018-01-31,8.5,3.5
2018-02-01,6.4,5.3
2018-02-02,3.6,0.1
2018-02-03,5.3,5.4
2018-02-04,5.3,0.5
2018-02-05,2.9,0.0
2018-02-06,1.5,0.3
2018-02-07,0.5,0.4
2018-02-08,0.6,0.0
2018-02-09,0.8,3.6
2018-02-10,3.6,0.6
2018-02-11,8.5,2.5
2018-02-12,3.7,0.3
2018-02-13,3.3,5.2
2018-02-14,6.5,10.5
2018-02-15,12.3,0.9
2018-02-16,11.6,6.1
2018-02-17,9.0,1.3
2018-02-18,6.6,2.0
2018-02-19,8.4,0.9
2018-02-20,9.8,2.0
2018-02-21,5.4,0.2
2018-02-22,2.9,0.0
2018-02-23,1.2,0.0
2018-02-24,1.7,0.0
2018-02-25,2.5,0.0
2018-02-26,-0.1,0.0
2018-02-27,-2.6,0.0
2018-02-28,0.1,6.7
2018-03-01,9.1,4.2
2018-03-02,9.6,3.7
2018-03-03,10.9,1.6
2018-03-04,9.3,7.5
2018-03-05,9.1,1.4
2018-03-06,8.2,1.0
2018-03-07,7.9,5.5
2018-03-08,9.7,0.0
2018-03-09,13.2,3.3
2018-03-10,14.3,4.2
2018-03-11,13.3,0.0
2018-03-12,10.1,18.1
2018-03-13,9.5,0.1
2018-03-14,11.7,4.6
2018-03-15,10.5,2.3
2018-03-16,8.7,4.0
2018-03-17,6.3,5.1
2018-03-18,6.1,3.7
2018-03-19,4.0,7.2
2018-03-20,4.5,0.1
2018-03-21,4.6,0.0
2018-03-22,4.2,0.0
2018-03-23,5.9,2.1
2018-03-24,9.1,12.4
2018-03-25,9.3,5.6
2018-03-26,8.9,0.7
2018-03-27,10.8,6.5
2018-03-28,10.9,3.0
2018-03-29,8.5,0.4
2018-03-30,9.2,3.3
2018-03-31,8.0,9.1
2018-04-01,10.2,1.5
2018-04-02,13.8,0.2
2018-04-03,13.8,2.6
2018-04-04,12.4,3.3
2018-04-05,11.7,0.2
2018-04-06,15.2,0.0
2018-04-07,13.2,15.5
2018-04-08,11.7,6.2
2018-04-09,11.0,1.6
2018-04-10,10.7,15.9
2018-04-11,11.1,4.9
2018-04-12,10.2,2.8
2018-04-13,12.2,4.3
2018-04-14,12.3,0.7
2018-04-15,12.4,0.0
2018-04-16,12.7,0.1
2018-04-17,14.8,0.0
2018-04-18,17.6,0.0
2018-04-19,19.1,0.0
2018-04-20,19.1,0.0
2018-04-21,18.5,0.0
2018-04-22,17.9,0.0
2018-04-23,15.8,0.9
2018-04-24,15.7,0.0
2018-04-25,13.5,0.5
2018-04-26,12.5,0.1
2018-04-27,11.9,0.2
2018-04-28,11.5,10.0
2018-04-29,11.6,7.6
2018-04-30,10.2,12.4
2018-05-01,10.1,0.2
2018-05-02,10.1,2.8
2018-05-03,11.6,2.2
2018-05-04,13.2,0.0
2018-05-05,16.0,0.0
2018-05-06,17.6,0.0
2018-05-07,19.5,0.0
2018-05-08,16.3,0.0
2018-05-09,15.2,1.3
2018-05-10,13.7,0.2
2018-05-11,15.4,0.0
2018-05-12,11.7,13.6
2018-05-13,10.3,2.0
2018-05-14,11.3,4.8
2018-05-15,14.2,1.3
2018-05-16,15.2,0.5
2018-05-17,16.4,0.2
2018-05-18,17.6,0.0
2018-05-19,16.8,0.0
2018-05-20,17.2,0.0
2018-05-21,18.0,0.2
2018-05-22,17.9,0.4
2018-05-23,17.8,1.0
2018-05-24,19.1,0.8
2018-05-25,19.2,3.7
2018-05-26,18.3,16.6
2018-05-27,18.5,2.4
2018-05-28,17.4,17.3
2018-05-29,17.4,8.2
2018-05-30,17.4,1.2
2018-05-31,16.7,3.2
2018-06-01,18.6,0.2
2018-06-02,20.2,0.0
2018-06-03,19.7,7.1
2018-06-04,17.8,22.5
2018-06-05,16.6,11.0
2018-06-06,16.6,16.6
2018-06-07,17.9,1.1
2018-06-08,20.8,0.5
2018-06-09,20.0,16.8
2018-06-10,18.9,5.8
2018-06-11,17.8,5.3
2018-06-12,17.1,7.1
2018-06-13,18.0,1.1
2018-06-14,17.6,0.8
2018-06-15,17.0,4.7
2018-06-16,16.3,0.0
2018-06-17,17.4,0.5
2018-06-18,18.1,1.6
2018-06-19,20.6,0.0
2018-06-20,24.2,0.0
2018-06-21,23.8,0.0
2018-06-22,19.8,0.0
2018-06-23,19.9,0.0
2018-06-24,21.1,0.0
2018-06-25,21.8,0.0
2018-06-26,23.8,0.0
2018-06-27,23.2,0.0
2018-06-28,23.1,0.0
2018-06-29,23.8,0.0
2018-06-30,26.1,0.1
2018-07-01,24.4,5.5
2018-07-02,22.2,5.4
2018-07-03,22.0,1.5
2018-07-04,20.0,15.1
2018-07-05,19.6,9.8
2018-07-06,20.1,0.9
2018-07-07,22.9,0.0
2018-07-08,24.4,0.0
2018-07-09,23.9,0.0
2018-07-10,23.1,0.0
2018-07-11,22.3,0.2
2018-07-12,21.3,0.0
2018-07-13,22.9,0.0
2018-07-14,24.4,0.4
2018-07-15,23.9,1.1
2018-07-16,20.5,21.3
2018-07-17,21.1,2.0
2018-07-18,22.4,1.6
2018-07-19,22.8,1.0
2018-07-20,20.9,0.8
2018-07-21,19.4,0.1
2018-07-22,20.2,0.6
2018-07-23,23.0,0.0
2018-07-24,24.7,0.0
2018-07-25,23.9,0.0
2018-07-26,25.1,0.0
2018-07-27,23.0,0.0
2018-07-28,22.0,0.6
2018-07-29,22.1,0.0
2018-07-30,23.3,0.0
2018-07-31,23.4,0.2
2018-08-01,23.1,0.1
2018-08-02,26.4,0.0
2018-08-03,28.3,0.0
2018-08-04,28.1,0.0
2018-08-05,28.6,0.0
2018-08-06,28.5,0.0
2018-08-07,24.1,0.3
2018-08-08,22.5,1.0
2018-08-09,19.4,8.9
2018-08-10,19.5,0.0
2018-08-11,21.3,0.0
2018-08-12,22.7,7.8
2018-08-13,20.6,4.0
2018-08-14,20.4,0.6
2018-08-15,21.5,0.0
2018-08-16,22.5,0.0
2018-08-17,20.1,0.0
2018-08-18,19.9,0.0
2018-08-19,21.8,0.0
2018-08-20,22.7,0.0
2018-08-21,24.8,0.0
2018-08-22,25.9,0.0
2018-08-23,23.5,0.0
2018-08-24,19.6,1.3
2018-08-25,16.6,4.1
2018-08-26,19.6,0.0
2018-08-27,21.4,0.0
2018-08-28,24.7,4.2
2018-08-29,20.9,0.0
2018-08-30,19.5,0.0
2018-08-31,19.6,0.0
2018-09-01,20.0,0.0
2018-09-02,20.1,0.0
2018-09-03,21.1,0.0
2018-09-04,22.0,0.0
2018-09-05,20.3,1.7
2018-09-06,19.1,12.3
2018-09-07,18.9,0.0
2018-09-08,20.9,0.0
2018-09-09,20.4,5.1
2018-09-10,20.3,0.0
2018-09-11,22.5,0.0
2018-09-12,23.3,0.1
2018-09-13,20.3,0.0
2018-09-14,19.5,0.0
2018-09-15,19.0,0.0
2018-09-16,20.8,0.0
2018-09-17,23.6,0.0
2018-09-18,21.8,0.2
2018-09-19,21.8,1.1
2018-09-20,23.1,0.0
2018-09-21,18.5,3.4
2018-09-22,18.6,0.0
2018-09-23,21.4,1.2
2018-09-24,15.0,0.0
2018-09-25,14.9,0.0
2018-09-26,19.1,0.0
2018-09-27,21.3,0.0
2018-09-28,20.6,0.0
2018-09-29,18.3,0.0
2018-09-30,16.2,0.0
2018-10-01,13.8,0.0
2018-10-02,13.1,0.0
2018-10-03,16.2,0.0
2018-10-04,17.1,0.0
2018-10-05,19.9,0.0
2018-10-06,16.1,4.4
2018-10-07,13.4,10.2
2018-10-08,14.1,0.1
2018-10-09,16.9,0.0
2018-10-10,18.2,7.6
2018-10-11,18.4,3.9
2018-10-12,21.2,0.2
2018-10-13,22.4,0.0
2018-10-14,18.9,15.4
2018-10-15,14.6,15.9
2018-10-16,15.4,0.7
2018-10-17,16.2,0.6
2018-10-18,16.7,2.8
2018-10-19,16.7,0.0
2018-10-20,16.2,0.0
2018-10-21,14.4,0.0
2018-10-22,14.4,0.0
2018-10-23,13.4,0.0
2018-10-24,13.0,0.0
2018-10-25,14.4,0.0
2018-10-26,12.4,0.0
2018-10-27,9.3,1.0
2018-10-28,5.9,10.6
2018-10-29,5.8,0.6
2018-10-30,9.3,0.0
2018-10-31,10.0,11.3
2018-11-01,11.3,10.7
2018-11-02,10.5,2.5
2018-11-03,7.6,0.0
2018-11-04,9.5,0.0
2018-11-05,13.7,11.8
2018-11-06,11.2,12.7
2018-11-07,10.9,8.7
2018-11-08,10.3,0.0
2018-11-09,12.1,3.8
2018-11-10,12.2,10.0
2018-11-11,14.3,5.7
2018-11-12,11.5,11.8
2018-11-13,10.9,0.2
2018-11-14,13.0,0.0
2018-11-15,13.9,0.0
2018-11-16,13.4,0.0
2018-11-17,12.5,0.1
2018-11-18,11.5,0.0
2018-11-19,6.1,0.0
2018-11-20,2.6,0.0
2018-11-21,4.1,0.1
2018-11-22,9.3,0.0
2018-11-23,8.7,2.7
2018-11-24,8.4,0.4
2018-11-25,8.7,5.0
2018-11-26,7.0,0.0
2018-11-27,8.3,0.0
2018-11-28,9.6,0.0
2018-11-29,10.5,4.8
2018-11-30,10.0,6.3
2018-12-01,10.0,9.1
2018-12-02,12.5,18.4
2018-12-03,13.7,4.8
2018-12-04,13.2,1.0
2018-12-05,12.1,0.1
2018-12-06,12.9,2.2
2018-12-07,11.3,2.3
2018-12-08,11.5,1.5
2018-12-09,12.2,0.9
2018-12-10,9.2,0.1
2018-12-11,5.6,0.0
2018-12-12,7.2,0.0
2018-12-13,7.0,7.2
2018-12-14,4.0,0.5
2018-12-15,7.6,9.0
2018-12-16,9.6,11.4
2018-12-17,8.8,1.3
2018-12-18,8.5,3.4
2018-12-19,8.7,3.8
2018-12-20,9.9,5.3
2018-12-21,12.7,5.8
2018-12-22,13.5,7.1
2018-12-23,12.3,0.0
2018-12-24,9.9,0.0
2018-12-25,8.1,0.0
2018-12-26,6.3,0.0
2018-12-27,8.7,0.1
2018-12-28,8.7,0.0
2018-12-29,2.5,0.0
2018-12-30,2.6,0.0
2018-12-31,3.3,0.0
2019-01-01,4.6,0.0
2019-01-02,5.7,0.0
2019-01-03,2.5,0.0
2019-01-04,1.5,0.0
2019-01-05,0.6,0.0
2019-01-06,1.6,0.0
2019-01-07,4.3,0.0
2019-01-08,7.1,1.1
2019-01-09,4.9,0.1
2019-01-10,2.0,0.0
2019-01-11,2.6,0.0
2019-01-12,4.7,0.0
2019-01-13,10.0,0.8
2019-01-14,9.1,0.1
2019-01-15,5.1,0.0
2019-01-16,5.4,0.6
2019-01-17,6.9,3.4
2019-01-18,5.4,0.7
2019-01-19,6.6,3.5
2019-01-20,6.1,2.7
2019-01-21,3.7,0.0
2019-01-22,4.3,5.0
2019-01-23,6.2,5.9
2019-01-24,3.3,0.3
2019-01-25,7.0,1.5
2019-01-26,9.5,0.4
2019-01-27,8.4,5.7
2019-01-28,7.1,3.4
2019-01-29,6.5,11.0
2019-01-30,6.2,7.9
2019-01-31,8.5,15.0
2019-02-01,7.4,9.0
2019-02-02,4.6,4.2
2019-02-03,3.3,0.0
2019-02-04,2.5,9.8
2019-02-05,11.2,8.2
2019-02-06,11.1,0.0
2019-02-07,9.2,0.7
2019-02-08,8.6,0.0
2019-02-09,11.8,0.5
2019-02-10,10.7,4.0
2019-02-11,7.5,1.0
2019-02-12,6.0,0.0
2019-02-13,5.2,0.0
2019-02-14,8.9,0.0
2019-02-15,9.3,0.0
2019-02-16,8.8,0.0
2019-02-17,9.6,0.0
2019-02-18,9.5,0.0
2019-02-19,8.1,0.2
2019-02-20,8.8,0.0
2019-02-21,9.7,0.0
2019-02-22,10.0,0.0
2019-02-23,10.3,0.0
2019-02-24,8.0,0.0
2019-02-25,9.4,0.0
2019-02-26,11.6,0.0
2019-02-27,13.0,0.0
2019-02-28,11.7,0.2
2019-03-01,10.4,0.0
2019-03-02,11.1,1.2
2019-03-03,12.4,0.1
2019-03-04,11.3,3.2
2019-03-05,12.1,0.9
2019-03-06,12.3,14.6
2019-03-07,10.1,2.6
2019-03-08,10.0,5.8
2019-03-09,12.2,3.4
2019-03-10,11.9,2.6
2019-03-11,9.2,0.0
2019-03-12,9.6,1.6
2019-03-13,8.9,2.3
2019-03-14,10.2,1.2
2019-03-15,11.6,0.6
2019-03-16,11.5,0.0
2019-03-17,9.9,1.7
2019-03-18,8.5,3.3
2019-03-19,8.2,1.2
2019-03-20,8.7,0.0
2019-03-21,9.4,0.0
2019-03-22,10.4,0.0
2019-03-23,12.2,0.0
2019-03-24,12.1,0.0
2019-03-25,10.1,0.0
2019-03-26,9.0,0.0
2019-03-27,9.7,0.0
2019-03-28,10.9,0.0
2019-03-29,12.3,0.0
2019-03-30,14.3,0.0
2019-03-31,13.0,0.0
2019-04-01,12.5,0.3
2019-04-02,12.1,1.1
2019-04-03,7.9,4.6
2019-04-04,8.0,1.4
2019-04-05,10.7,2.2
2019-04-06,8.0,19.2
2019-04-07,8.6,2.8
2019-04-08,10.1,1.2
2019-04-09,10.6,0.0
2019-04-10,11.0,0.1
2019-04-11,11.3,0.0
2019-04-12,10.3,0.0
2019-04-13,10.5,0.0
2019-04-14,9.6,2.3
2019-04-15,12.6,7.3
2019-04-16,13.9,0.1
2019-04-17,15.8,0.0
2019-04-18,16.2,0.0
2019-04-19,18.3,0.1
2019-04-20,16.9,0.0
2019-04-21,15.2,1.1
2019-04-22,15.7,0.7
2019-04-23,16.0,10.5
2019-04-24,13.2,8.0
2019-04-25,12.5,5.1
2019-04-26,11.8,6.4
2019-04-27,12.0,4.8
2019-04-28,11.7,0.2
2019-04-29,12.5,0.0
2019-04-30,13.9,0.0
2019-05-01,14.5,0.0
2019-05-02,13.2,0.1
2019-05-03,12.2,3.8
2019-05-04,10.6,1.0
2019-05-05,8.9,0.0
2019-05-06,10.8,0.0
2019-05-07,13.9,1.4
2019-05-08,13.6,6.6
2019-05-09,13.8,3.1
2019-05-10,15.3,0.3
2019-05-11,13.8,0.4
2019-05-12,14.3,0.0
2019-05-13,14.3,0.0
2019-05-14,16.5,0.0
2019-05-15,16.3,0.0
2019-05-16,16.0,0.0
2019-05-17,13.2,7.8
2019-05-18,12.5,4.8
2019-05-19,12.1,7.5
2019-05-20,13.6,1.7
2019-05-21,14.0,0.7
2019-05-22,17.2,0.1
2019-05-23,17.8,0.8
2019-05-24,16.9,1.5
2019-05-25,15.9,0.0
2019-05-26,16.2,0.3
2019-05-27,15.1,3.1
2019-05-28,14.2,0.6
2019-05-29,15.1,0.0
2019-05-30,17.3,0.0
2019-05-31,19.9,0.0
2019-06-01,23.6,0.0
2019-06-02,23.7,0.0
2019-06-03,20.8,0.1
2019-06-04,20.1,4.0
2019-06-05,14.1,40.6
2019-06-06,16.7,0.5
2019-06-07,15.5,4.3
2019-06-08,15.9,0.7
2019-06-09,17.2,2.5
2019-06-10,14.8,0.3
2019-06-11,13.4,4.2
2019-06-12,13.2,7.6
2019-06-13,16.0,5.3
2019-06-14,16.2,1.1
2019-06-15,16.3,0.1
2019-06-16,17.6,0.0
2019-06-17,21.8,0.0
2019-06-18,24.5,5.0
2019-06-19,19.7,2.2
2019-06-20,18.6,0.4
2019-06-21,16.6,6.5
2019-06-22,19.8,0.0
2019-06-23,23.9,0.0
2019-06-24,25.5,0.0
2019-06-25,24.4,0.1
2019-06-26,28.9,0.0
2019-06-27,30.0,0.0
2019-06-28,25.1,0.0
2019-06-29,24.6,0.0
2019-06-30,22.9,0.0
2019-07-01,21.9,0.1
2019-07-02,21.8,2.2
2019-07-03,25.3,0.0
2019-07-04,27.4,0.0
2019-07-05,27.9,0.0
2019-07-06,24.5,4.8
2019-07-07,23.4,0.0
2019-07-08,24.7,0.1
2019-07-09,24.2,1.2
2019-07-10,24.7,0.0
2019-07-11,24.4,0.0
2019-07-12,23.7,0.0
2019-07-13,24.3,0.0
2019-07-14,24.5,0.0
2019-07-15,23.0,0.0
2019-07-16,23.6,0.0
2019-07-17,22.8,0.0
2019-07-18,21.6,0.0
2019-07-19,23.6,0.5
2019-07-20,23.0,2.5
2019-07-21,23.7,0.0
2019-07-22,28.3,0.0
2019-07-23,32.0,0.0
2019-07-24,29.9,0.0
2019-07-25,30.1,0.0
2019-07-26,21.3,34.6
2019-07-27,18.7,10.7
2019-07-28,19.6,0.0
2019-07-29,20.7,0.0
2019-07-30,19.6,0.6
2019-07-31,19.4,0.0
2019-08-01,19.2,4.5
2019-08-02,21.5,0.0
2019-08-03,23.0,0.0
2019-08-04,22.9,0.0
2019-08-05,22.1,0.0
2019-08-06,22.3,1.1
2019-08-07,22.4,5.4
2019-08-08,26.1,0.3
2019-08-09,25.2,0.8
2019-08-10,21.4,0.5
2019-08-11,18.2,26.8
2019-08-12,17.8,1.2
2019-08-13,17.6,0.0
2019-08-14,19.2,0.0
2019-08-15,19.7,1.1
2019-08-16,20.1,0.0
2019-08-17,21.8,0.0
2019-08-18,20.7,1.0
2019-08-19,19.3,0.0
2019-08-20,19.6,0.0
2019-08-21,20.4,0.0
2019-08-22,21.8,0.0
2019-08-23,24.5,0.0
2019-08-24,25.8,0.0
2019-08-25,24.2,0.0
2019-08-26,25.1,0.0
2019-08-27,23.5,7.6
2019-08-28,22.4,0.0
2019-08-29,22.3,0.0
2019-08-30,24.0,0.0
2019-08-31,23.0,0.0
2019-09-01,18.4,1.9
2019-09-02,18.8,0.0
2019-09-03,19.5,0.0
2019-09-04,19.9,0.0
2019-09-05,17.9,0.0
2019-09-06,17.1,0.0
2019-09-07,15.9,1.4
2019-09-08,16.4,0.0
2019-09-09,15.6,5.9
2019-09-10,16.1,0.4
2019-09-11,17.3,0.0
2019-09-12,18.7,0.0
2019-09-13,21.8,0.0
2019-09-14,22.5,0.1
2019-09-15,24.5,0.0
2019-09-16,23.9,0.0
2019-09-17,24.2,0.0
2019-09-18,21.9,0.0
2019-09-19,20.6,0.0
2019-09-20,23.6,0.0
2019-09-21,23.1,1.7
2019-09-22,18.5,13.2
2019-09-23,18.0,0.1
2019-09-24,18.3,10.9
2019-09-25,17.0,9.8
2019-09-26,18.1,1.7
2019-09-27,17.8,1.4
2019-09-28,17.4,0.1
2019-09-29,18.5,0.2
2019-09-30,18.9,0.0
2019-10-01,17.5,5.8
2019-10-02,16.5,1.4
2019-10-03,15.5,0.0
2019-10-04,17.1,1.4
2019-10-05,16.4,0.4
2019-10-06,15.8,2.2
2019-10-07,14.9,0.0
2019-10-08,17.5,1.0
2019-10-09,15.9,2.7
2019-10-10,16.1,1.1
2019-10-11,17.5,0.0
2019-10-12,21.5,0.7
2019-10-13,22.0,0.0
2019-10-14,18.0,9.2
2019-10-15,14.2,7.3
2019-10-16,14.7,2.7
2019-10-17,16.4,6.0
2019-10-18,15.6,0.9
2019-10-19,15.0,6.0
2019-10-20,13.7,14.0
2019-10-21,12.3,0.0
2019-10-22,11.0,5.5
2019-10-23,14.3,22.0
2019-10-24,13.6,11.0
2019-10-25,15.3,0.0
2019-10-26,16.1,0.0
2019-10-27,15.2,0.2
2019-10-28,16.2,0.0
2019-10-29,15.0,0.0
2019-10-30,15.7,3.2
2019-10-31,15.8,2.2
2019-11-01,16.1,13.9
2019-11-02,15.1,16.0
2019-11-03,13.6,27.0
2019-11-04,13.4,17.9
2019-11-05,11.0,9.4
2019-11-06,10.8,2.6
2019-11-07,9.9,9.2
2019-11-08,8.8,7.2
2019-11-09,9.0,3.0
2019-11-10,7.7,0.6
2019-11-11,8.6,3.3
2019-11-12,9.8,1.2
2019-11-13,9.0,6.9
2019-11-14,6.7,4.8
2019-11-15,4.9,7.5
2019-11-16,7.1,9.3
2019-11-17,5.9,0.1
2019-11-18,5.4,0.0
2019-11-19,5.0,0.0
2019-11-20,6.0,0.0
2019-11-21,7.9,3.5
2019-11-22,8.5,4.6
2019-11-23,10.3,4.9
2019-11-24,9.7,1.3
2019-11-25,11.4,2.8
2019-11-26,12.9,10.8
2019-11-27,12.4,5.6
2019-11-28,12.0,5.2
2019-11-29,11.3,1.1
2019-11-30,8.9,8.6
2019-12-01,8.3,4.3
2019-12-02,5.4,0.0
2019-12-03,2.6,0.0
2019-12-04,5.4,0.0
2019-12-05,5.6,0.0
2019-12-06,6.2,0.0
2019-12-07,10.5,1.8
2019-12-08,11.2,4.6
2019-12-09,10.2,2.8
2019-12-10,7.6,0.0
2019-12-11,9.3,10.3
2019-12-12,9.9,24.1
2019-12-13,12.7,13.0
2019-12-14,13.3,4.2
2019-12-15,12.8,1.3
2019-12-16,12.0,0.0
2019-12-17,11.4,1.4
2019-12-18,10.9,0.0
2019-12-19,13.0,1.8
2019-12-20,11.2,21.7
2019-12-21,10.8,10.6
2019-12-22,11.0,13.3
2019-12-23,11.2,2.9
2019-12-24,13.0,1.0
2019-12-25,11.1,0.0
2019-12-26,10.5,0.2
2019-12-27,8.6,0.0
2019-12-28,7.6,0.0
2019-12-29,4.2,0.0
2019-12-30,5.0,0.0
2019-12-31,5.4,0.0
2020-01-01,9.5,0.1
2020-01-02,7.9,0.0
2020-01-03,9.1,0.7
2020-01-04,7.5,0.0
2020-01-05,3.9,0.0
2020-01-06,4.1,0.0
2020-01-07,9.3,0.7
2020-01-08,9.8,0.0
2020-01-09,11.0,8.5
2020-01-10,8.4,1.2
2020-01-11,5.6,0.0
2020-01-12,5.5,0.0
2020-01-13,7.0,0.0
2020-01-14,8.6,0.0
2020-01-15,9.8,0.0
2020-01-16,10.5,0.0
2020-01-17,9.3,6.5
2020-01-18,6.5,3.7
2020-01-19,5.7,0.1
2020-01-20,4.4,0.0
2020-01-21,5.6,0.0
2020-01-22,8.4,13.4
2020-01-23,11.3,6.0
2020-01-24,8.4,0.0
2020-01-25,7.7,0.3
2020-01-26,8.7,2.0
2020-01-27,9.0,11.6
2020-01-28,10.5,3.6
2020-01-29,10.2,1.4
2020-01-30,12.4,13.4
2020-01-31,12.5,0.6
2020-02-01,12.9,6.1
2020-02-02,14.4,1.4
2020-02-03,14.3,0.0
2020-02-04,9.3,0.1
2020-02-05,5.9,0.0
2020-02-06,6.3,0.0
2020-02-07,9.0,0.0
2020-02-08,8.7,0.2
2020-02-09,11.6,0.1
2020-02-10,13.2,2.9
2020-02-11,10.5,1.5
2020-02-12,8.6,0.0
2020-02-13,10.7,3.8
2020-02-14,10.1,0.0
2020-02-15,10.2,0.0
2020-02-16,13.8,0.0
2020-02-17,10.3,4.4
2020-02-18,8.5,0.3
2020-02-19,9.3,0.1
2020-02-20,8.7,0.1
2020-02-21,8.2,0.0
2020-02-22,7.5,0.0
2020-02-23,7.8,0.0
2020-02-24,8.5,0.0
2020-02-25,10.8,4.9
2020-02-26,8.3,2.4
2020-02-27,9.9,22.0
2020-02-28,9.8,0.8
2020-02-29,11.1,5.9
2020-03-01,9.8,4.7
2020-03-02,8.6,17.6
2020-03-03,7.4,12.3
2020-03-04,9.7,4.9
2020-03-05,11.1,7.7
2020-03-06,8.2,8.4
2020-03-07,8.6,0.0
2020-03-08,9.6,1.8
2020-03-09,9.4,5.2
2020-03-10,11.7,1.4
2020-03-11,12.4,0.3
2020-03-12,10.9,0.9
2020-03-13,8.5,0.0
2020-03-14,8.2,0.1
2020-03-15,10.5,7.5
2020-03-16,11.0,11.2
2020-03-17,11.7,0.0
2020-03-18,12.4,0.0
2020-03-19,14.0,0.0
2020-03-20,13.6,0.0
2020-03-21,12.7,0.0
2020-03-22,12.4,0.1
2020-03-23,12.3,0.0
2020-03-24,12.2,0.0
2020-03-25,9.8,0.0
2020-03-26,7.5,0.0
2020-03-27,8.5,0.0
2020-03-28,10.0,0.0
2020-03-29,8.2,0.3
2020-03-30,3.7,5.0
2020-03-31,8.3,0.0
2020-04-01,12.0,0.0
2020-04-02,10.8,0.0
2020-04-03,9.2,0.0
2020-04-04,12.2,0.0
2020-04-05,15.3,0.0
2020-04-06,12.9,9.2
2020-04-07,15.0,0.3
2020-04-08,15.1,1.8
2020-04-09,16.3,0.0
2020-04-10,16.8,0.0
2020-04-11,16.0,0.0
2020-04-12,14.8,1.2
2020-04-13,15.9,0.0
2020-04-14,15.5,0.0
2020-04-15,17.1,0.0
2020-04-16,17.6,1.8
2020-04-17,17.1,2.4
2020-04-18,15.9,10.6
2020-04-19,15.5,20.0
2020-04-20,14.5,3.0
2020-04-21,13.4,6.0
2020-04-22,14.6,2.8
2020-04-23,15.2,0.2
2020-04-24,16.9,1.4
2020-04-25,17.0,2.8
2020-04-26,16.0,1.1
2020-04-27,14.0,12.5
2020-04-28,12.7,2.1
2020-04-29,13.6,5.5
2020-04-30,13.0,28.3
2020-05-01,14.4,17.5
2020-05-02,15.5,10.2
2020-05-03,18.0,0.0
2020-05-04,20.6,4.0
2020-05-05,18.2,1.4
2020-05-06,18.4,0.0
2020-05-07,19.3,0.0
2020-05-08,19.7,4.4
2020-05-09,19.3,10.4
2020-05-10,15.9,40.3
2020-05-11,12.4,27.6
2020-05-12,11.0,1.5
2020-05-13,12.4,8.3
2020-05-14,14.2,0.0
2020-05-15,14.8,0.0
2020-05-16,16.2,0.0
2020-05-17,15.5,0.0
2020-05-18,16.9,0.0
2020-05-19,18.3,0.0
2020-05-20,19.5,0.0
2020-05-21,21.2,0.0
2020-05-22,19.7,0.0
2020-05-23,15.2,5.4
2020-05-24,15.7,0.0
2020-05-25,18.8,0.0
2020-05-26,20.5,0.0
2020-05-27,21.3,0.0
2020-05-28,22.0,0.0
2020-05-29,22.2,0.0
2020-05-30,21.8,0.0
2020-05-31,22.8,0.0
2020-06-01,21.2,7.4
2020-06-02,20.9,0.0
2020-06-03,20.6,0.3
2020-06-04,16.6,4.4
2020-06-05,16.1,2.8
2020-06-06,16.3,3.6
2020-06-07,14.5,0.6
2020-06-08,14.8,6.7
2020-06-09,15.3,5.6
2020-06-10,15.6,0.5
2020-06-11,13.5,26.0
2020-06-12,14.2,1.3
2020-06-13,14.9,3.6
2020-06-14,16.9,0.3
2020-06-15,16.5,0.4
2020-06-16,15.7,4.9
2020-06-17,15.4,7.6
2020-06-18,15.2,6.4
2020-06-19,16.2,0.0
2020-06-20,18.0,0.0
2020-06-21,18.2,0.4
2020-06-22,19.5,0.0
2020-06-23,22.1,0.0
2020-06-24,24.5,0.0
2020-06-25,22.8,0.0
2020-06-26,20.7,9.1
2020-06-27,20.4,0.1
2020-06-28,19.9,1.0
2020-06-29,18.7,0.1
2020-06-30,19.4,0.0
2020-07-01,19.8,5.0
2020-07-02,18.0,0.2
2020-07-03,16.9,0.3
2020-07-04,17.8,0.0
2020-07-05,19.6,0.0
2020-07-06,18.6,0.1
2020-07-07,18.8,0.1
2020-07-08,21.4,0.0
2020-07-09,22.6,0.0
2020-07-10,19.6,0.4
2020-07-11,20.9,0.0
2020-07-12,21.3,0.0
2020-07-13,21.4,0.0
2020-07-14,20.3,0.0
2020-07-15,18.7,0.7
2020-07-16,18.3,0.6
2020-07-17,20.5,1.0
2020-07-18,22.3,0.0
2020-07-19,24.1,0.0
2020-07-20,24.7,0.0
2020-07-21,25.1,0.3
2020-07-22,24.3,0.0
2020-07-23,24.2,0.0
2020-07-24,21.3,0.2
2020-07-25,21.4,0.0
2020-07-26,22.1,0.4
2020-07-27,23.7,0.0
2020-07-28,21.1,1.0
2020-07-29,22.4,0.0
2020-07-30,28.6,0.0
2020-07-31,26.9,0.0
2020-08-01,21.6,0.7
2020-08-02,20.2,0.2
2020-08-03,19.1,0.2
2020-08-04,20.4,0.0
2020-08-05,22.3,0.0
2020-08-06,25.8,0.0
2020-08-07,27.3,0.0
2020-08-08,25.9,0.0
2020-08-09,27.1,1.2
2020-08-10,26.7,0.2
2020-08-11,28.1,1.2
2020-08-12,23.5,30.6
2020-08-13,20.0,8.7
2020-08-14,21.5,0.0
2020-08-15,22.2,2.1
2020-08-16,20.4,0.2
2020-08-17,20.7,0.4
2020-08-18,21.9,2.7
2020-08-19,25.4,0.0
2020-08-20,26.6,0.0
2020-08-21,22.9,3.0
2020-08-22,21.2,0.0
2020-08-23,20.0,0.8
2020-08-24,19.6,0.0
2020-08-25,22.1,0.0
2020-08-26,22.4,0.1
2020-08-27,21.6,0.5
2020-08-28,20.1,2.9
2020-08-29,16.8,1.8
2020-08-30,16.1,1.4
2020-08-31,17.3,0.3
2020-09-01,18.8,0.0
2020-09-02,18.1,0.0
2020-09-03,20.0,0.0
2020-09-04,23.1,0.0
2020-09-05,20.5,0.0
2020-09-06,18.0,0.0
2020-09-07,17.9,0.0
2020-09-08,19.4,0.0
2020-09-09,21.9,0.0
2020-09-10,22.4,0.0
2020-09-11,22.3,0.0
2020-09-12,22.0,0.0
2020-09-13,24.1,0.0
2020-09-14,27.0,0.0
2020-09-15,24.5,0.0
2020-09-16,24.6,0.0
2020-09-17,25.3,0.0
2020-09-18,22.7,2.3
2020-09-19,21.0,6.1
2020-09-20,19.6,4.1
2020-09-21,18.8,12.0
2020-09-22,18.3,14.0
2020-09-23,18.1,0.1
2020-09-24,16.3,8.2
2020-09-25,12.6,3.7
2020-09-26,11.4,13.0
2020-09-27,12.1,0.0
2020-09-28,14.9,0.2
2020-09-29,14.8,2.0
2020-09-30,15.5,0.0
2020-10-01,15.9,9.0
2020-10-02,13.0,30.8
2020-10-03,13.2,11.9
2020-10-04,12.8,17.7
2020-10-05,14.2,1.3
2020-10-06,16.5,10.3
2020-10-07,15.8,0.4
2020-10-08,16.4,0.0
2020-10-09,15.5,0.0
2020-10-10,13.5,0.8
2020-10-11,11.5,1.3
2020-10-12,11.2,5.9
2020-10-13,12.4,4.1
2020-10-14,10.3,2.1
2020-10-15,9.2,0.2
2020-10-16,9.7,0.0
2020-10-17,10.3,0.0
2020-10-18,9.8,0.0
2020-10-19,13.0,0.0
2020-10-20,15.5,9.5
2020-10-21,19.3,2.9
2020-10-22,16.8,7.1
2020-10-23,14.6,2.4
2020-10-24,15.0,0.2
2020-10-25,13.9,16.1
2020-10-26,10.9,6.4
2020-10-27,12.7,7.7
2020-10-28,14.3,2.3
2020-10-29,14.2,0.2
2020-10-30,12.6,0.0
2020-10-31,14.6,0.0
2020-11-01,16.7,0.3
2020-11-02,16.4,0.2
2020-11-03,11.7,3.1
2020-11-04,8.5,0.0
2020-11-05,8.7,0.0
2020-11-06,14.7,0.0
2020-11-07,16.0,0.8
2020-11-08,15.5,1.2
2020-11-09,13.3,0.8
2020-11-10,12.4,0.4
2020-11-11,11.8,0.0
2020-11-12,13.2,0.0
2020-11-13,12.9,0.0
2020-11-14,13.5,0.0
2020-11-15,13.5,7.6
2020-11-16,11.8,0.0
2020-11-17,10.2,0.0
2020-11-18,12.7,0.0
2020-11-19,11.5,1.0
2020-11-20,7.2,0.0
2020-11-21,5.1,0.0
2020-11-22,6.1,0.0
2020-11-23,5.8,0.0
2020-11-24,7.5,0.0
2020-11-25,9.4,0.0
2020-11-26,10.6,0.0
2020-11-27,12.1,0.0
2020-11-28,11.8,0.3
2020-11-29,8.0,0.0
2020-11-30,3.6,0.0
2020-12-01,5.7,1.5
2020-12-02,4.8,0.0
2020-12-03,8.7,35.1
2020-12-04,6.1,3.5
2020-12-05,6.1,1.9
2020-12-06,7.1,1.4
2020-12-07,7.1,14.0
2020-12-08,5.9,0.3
2020-12-09,6.4,1.5
2020-12-10,9.7,11.9
2020-12-11,11.8,16.0
2020-12-12,9.5,4.5
2020-12-13,9.6,0.8
2020-12-14,10.3,0.7
2020-12-15,9.7,5.3
2020-12-16,9.3,0.6
2020-12-17,10.1,2.0
2020-12-18,8.2,0.0
2020-12-19,9.7,5.2
2020-12-20,9.4,0.4
2020-12-21,11.7,3.2
2020-12-22,13.3,0.5
2020-12-23,12.2,2.5
2020-12-24,9.0,2.2
2020-12-25,3.8,0.0
2020-12-26,3.0,0.0
2020-12-27,7.7,30.3
2020-12-28,7.6,8.1
2020-12-29,6.5,6.1
2020-12-30,6.0,3.7
2020-12-31,7.0,17.5
